file,line,type,commit,author,date,time,timezone,datetime,depth,length
style.css,1,css,710482f4,zohasan123,2025-01-24,22:15:08,-08:00,2025-01-24T22:15:08-08:00,0,47
style.css,2,css,710482f4,zohasan123,2025-01-24,22:15:08,-08:00,2025-01-24T22:15:08-08:00,0,5
style.css,3,css,710482f4,zohasan123,2025-01-24,22:15:08,-08:00,2025-01-24T22:15:08-08:00,0,76
style.css,4,css,710482f4,zohasan123,2025-01-24,22:15:08,-08:00,2025-01-24T22:15:08-08:00,0,67
style.css,5,css,710482f4,zohasan123,2025-01-24,22:15:08,-08:00,2025-01-24T22:15:08-08:00,0,62
style.css,6,css,710482f4,zohasan123,2025-01-24,22:15:08,-08:00,2025-01-24T22:15:08-08:00,0,33
style.css,7,css,710482f4,zohasan123,2025-01-24,22:15:08,-08:00,2025-01-24T22:15:08-08:00,0,0
style.css,8,css,57aba01,zohasan123,2025-01-21,12:43:15,-08:00,2025-01-21T12:43:15-08:00,0,0
style.css,9,css,57aba01,zohasan123,2025-01-21,12:43:15,-08:00,2025-01-21T12:43:15-08:00,0,6
style.css,10,css,710482f4,zohasan123,2025-01-24,22:15:08,-08:00,2025-01-24T22:15:08-08:00,0,23
style.css,11,css,710482f4,zohasan123,2025-01-24,22:15:08,-08:00,2025-01-24T22:15:08-08:00,0,40
style.css,12,css,710482f4,zohasan123,2025-01-24,22:15:08,-08:00,2025-01-24T22:15:08-08:00,0,16
style.css,13,css,710482f4,zohasan123,2025-01-24,22:15:08,-08:00,2025-01-24T22:15:08-08:00,0,68
style.css,14,css,710482f4,zohasan123,2025-01-24,22:15:08,-08:00,2025-01-24T22:15:08-08:00,0,24
style.css,15,css,57aba01,zohasan123,2025-01-21,12:43:15,-08:00,2025-01-21T12:43:15-08:00,0,0
style.css,16,css,57aba01,zohasan123,2025-01-21,12:43:15,-08:00,2025-01-21T12:43:15-08:00,0,0
style.css,17,css,710482f4,zohasan123,2025-01-24,22:15:08,-08:00,2025-01-24T22:15:08-08:00,0,25
style.css,18,css,57aba01,zohasan123,2025-01-21,12:43:15,-08:00,2025-01-21T12:43:15-08:00,0,5
style.css,19,css,57aba01,zohasan123,2025-01-21,12:43:15,-08:00,2025-01-21T12:43:15-08:00,0,32
style.css,20,css,710482f4,zohasan123,2025-01-24,22:15:08,-08:00,2025-01-24T22:15:08-08:00,0,16
style.css,21,css,710482f4,zohasan123,2025-01-24,22:15:08,-08:00,2025-01-24T22:15:08-08:00,0,19
style.css,22,css,710482f4,zohasan123,2025-01-24,22:15:08,-08:00,2025-01-24T22:15:08-08:00,0,15
style.css,23,css,57aba01,zohasan123,2025-01-21,12:43:15,-08:00,2025-01-21T12:43:15-08:00,0,0
style.css,24,css,57aba01,zohasan123,2025-01-21,12:43:15,-08:00,2025-01-21T12:43:15-08:00,0,0
style.css,25,css,710482f4,zohasan123,2025-01-24,22:15:08,-08:00,2025-01-24T22:15:08-08:00,0,58
style.css,26,css,710482f4,zohasan123,2025-01-24,22:15:08,-08:00,2025-01-24T22:15:08-08:00,0,5
style.css,27,css,710482f4,zohasan123,2025-01-24,22:15:08,-08:00,2025-01-24T22:15:08-08:00,0,59
style.css,28,css,710482f4,zohasan123,2025-01-24,22:15:08,-08:00,2025-01-24T22:15:08-08:00,0,17
style.css,29,css,57aba01,zohasan123,2025-01-21,12:43:15,-08:00,2025-01-21T12:43:15-08:00,0,0
style.css,30,css,57aba01,zohasan123,2025-01-21,12:43:15,-08:00,2025-01-21T12:43:15-08:00,0,0
style.css,31,css,57aba01,zohasan123,2025-01-21,12:43:15,-08:00,2025-01-21T12:43:15-08:00,0,24
style.css,32,css,57aba01,zohasan123,2025-01-21,12:43:15,-08:00,2025-01-21T12:43:15-08:00,0,4
style.css,33,css,710482f4,zohasan123,2025-01-24,22:15:08,-08:00,2025-01-24T22:15:08-08:00,0,18
style.css,34,css,710482f4,zohasan123,2025-01-24,22:15:08,-08:00,2025-01-24T22:15:08-08:00,0,14
style.css,35,css,710482f4,zohasan123,2025-01-24,22:15:08,-08:00,2025-01-24T22:15:08-08:00,0,18
style.css,36,css,710482f4,zohasan123,2025-01-24,22:15:08,-08:00,2025-01-24T22:15:08-08:00,0,71
style.css,37,css,710482f4,zohasan123,2025-01-24,22:15:08,-08:00,2025-01-24T22:15:08-08:00,0,70
style.css,38,css,57aba01,zohasan123,2025-01-21,12:43:15,-08:00,2025-01-21T12:43:15-08:00,0,0
style.css,39,css,57aba01,zohasan123,2025-01-21,12:43:15,-08:00,2025-01-21T12:43:15-08:00,0,0
style.css,40,css,57aba01,zohasan123,2025-01-21,12:43:15,-08:00,2025-01-21T12:43:15-08:00,0,31
style.css,41,css,57aba01,zohasan123,2025-01-21,12:43:15,-08:00,2025-01-21T12:43:15-08:00,0,6
style.css,42,css,57aba01,zohasan123,2025-01-21,12:43:15,-08:00,2025-01-21T12:43:15-08:00,0,21
style.css,43,css,710482f4,zohasan123,2025-01-24,22:15:08,-08:00,2025-01-24T22:15:08-08:00,0,14
style.css,44,css,710482f4,zohasan123,2025-01-24,22:15:08,-08:00,2025-01-24T22:15:08-08:00,0,14
style.css,45,css,710482f4,zohasan123,2025-01-24,22:15:08,-08:00,2025-01-24T22:15:08-08:00,0,21
style.css,46,css,710482f4,zohasan123,2025-01-24,22:15:08,-08:00,2025-01-24T22:15:08-08:00,0,21
style.css,47,css,710482f4,zohasan123,2025-01-24,22:15:08,-08:00,2025-01-24T22:15:08-08:00,0,38
style.css,48,css,710482f4,zohasan123,2025-01-24,22:15:08,-08:00,2025-01-24T22:15:08-08:00,0,52
style.css,49,css,57aba01,zohasan123,2025-01-21,12:43:15,-08:00,2025-01-21T12:43:15-08:00,0,0
style.css,50,css,57aba01,zohasan123,2025-01-21,12:43:15,-08:00,2025-01-21T12:43:15-08:00,0,0
style.css,51,css,710482f4,zohasan123,2025-01-24,22:15:08,-08:00,2025-01-24T22:15:08-08:00,0,50
style.css,52,css,710482f4,zohasan123,2025-01-24,22:15:08,-08:00,2025-01-24T22:15:08-08:00,0,14
style.css,53,css,710482f4,zohasan123,2025-01-24,22:15:08,-08:00,2025-01-24T22:15:08-08:00,0,64
style.css,54,css,710482f4,zohasan123,2025-01-24,22:15:08,-08:00,2025-01-24T22:15:08-08:00,0,42
style.css,55,css,710482f4,zohasan123,2025-01-24,22:15:08,-08:00,2025-01-24T22:15:08-08:00,0,46
style.css,56,css,710482f4,zohasan123,2025-01-24,22:15:08,-08:00,2025-01-24T22:15:08-08:00,0,43
style.css,57,css,57aba01,zohasan123,2025-01-21,12:43:15,-08:00,2025-01-21T12:43:15-08:00,0,0
style.css,58,css,57aba01,zohasan123,2025-01-21,12:43:15,-08:00,2025-01-21T12:43:15-08:00,0,0
style.css,59,css,57aba01,zohasan123,2025-01-21,12:43:15,-08:00,2025-01-21T12:43:15-08:00,0,0
style.css,60,css,57aba01,zohasan123,2025-01-21,12:43:15,-08:00,2025-01-21T12:43:15-08:00,0,0
style.css,61,css,710482f4,zohasan123,2025-01-24,22:15:08,-08:00,2025-01-24T22:15:08-08:00,0,38
style.css,62,css,710482f4,zohasan123,2025-01-24,22:15:08,-08:00,2025-01-24T22:15:08-08:00,0,12
style.css,63,css,710482f4,zohasan123,2025-01-24,22:15:08,-08:00,2025-01-24T22:15:08-08:00,0,76
style.css,64,css,710482f4,zohasan123,2025-01-24,22:15:08,-08:00,2025-01-24T22:15:08-08:00,0,73
style.css,65,css,57aba01,zohasan123,2025-01-21,12:43:15,-08:00,2025-01-21T12:43:15-08:00,0,0
style.css,66,css,57aba01,zohasan123,2025-01-21,12:43:15,-08:00,2025-01-21T12:43:15-08:00,0,0
style.css,67,css,710482f4,zohasan123,2025-01-24,22:15:08,-08:00,2025-01-24T22:15:08-08:00,0,36
style.css,68,css,710482f4,zohasan123,2025-01-24,22:15:08,-08:00,2025-01-24T22:15:08-08:00,0,14
style.css,69,css,710482f4,zohasan123,2025-01-24,22:15:08,-08:00,2025-01-24T22:15:08-08:00,0,82
style.css,70,css,710482f4,zohasan123,2025-01-24,22:15:08,-08:00,2025-01-24T22:15:08-08:00,0,0
style.css,71,css,710482f4,zohasan123,2025-01-24,22:15:08,-08:00,2025-01-24T22:15:08-08:00,0,0
style.css,72,css,710482f4,zohasan123,2025-01-24,22:15:08,-08:00,2025-01-24T22:15:08-08:00,0,42
style.css,73,css,710482f4,zohasan123,2025-01-24,22:15:08,-08:00,2025-01-24T22:15:08-08:00,0,0
style.css,74,css,710482f4,zohasan123,2025-01-24,22:15:08,-08:00,2025-01-24T22:15:08-08:00,0,38
style.css,75,css,710482f4,zohasan123,2025-01-24,22:15:08,-08:00,2025-01-24T22:15:08-08:00,0,5
style.css,76,css,710482f4,zohasan123,2025-01-24,22:15:08,-08:00,2025-01-24T22:15:08-08:00,0,52
style.css,77,css,710482f4,zohasan123,2025-01-24,22:15:08,-08:00,2025-01-24T22:15:08-08:00,0,48
style.css,78,css,710482f4,zohasan123,2025-01-24,22:15:08,-08:00,2025-01-24T22:15:08-08:00,0,2
style.css,79,css,710482f4,zohasan123,2025-01-24,22:15:08,-08:00,2025-01-24T22:15:08-08:00,0,0
style.css,80,css,710482f4,zohasan123,2025-01-24,22:15:08,-08:00,2025-01-24T22:15:08-08:00,0,4
style.css,81,css,710482f4,zohasan123,2025-01-24,22:15:08,-08:00,2025-01-24T22:15:08-08:00,0,53
style.css,82,css,710482f4,zohasan123,2025-01-24,22:15:08,-08:00,2025-01-24T22:15:08-08:00,0,76
style.css,83,css,710482f4,zohasan123,2025-01-24,22:15:08,-08:00,2025-01-24T22:15:08-08:00,0,2
style.css,84,css,710482f4,zohasan123,2025-01-24,22:15:08,-08:00,2025-01-24T22:15:08-08:00,0,0
style.css,85,css,710482f4,zohasan123,2025-01-24,22:15:08,-08:00,2025-01-24T22:15:08-08:00,0,6
style.css,86,css,710482f4,zohasan123,2025-01-24,22:15:08,-08:00,2025-01-24T22:15:08-08:00,0,58
style.css,87,css,710482f4,zohasan123,2025-01-24,22:15:08,-08:00,2025-01-24T22:15:08-08:00,0,3
style.css,88,css,710482f4,zohasan123,2025-01-24,22:15:08,-08:00,2025-01-24T22:15:08-08:00,0,0
style.css,89,css,710482f4,zohasan123,2025-01-24,22:15:08,-08:00,2025-01-24T22:15:08-08:00,0,12
style.css,90,css,710482f4,zohasan123,2025-01-24,22:15:08,-08:00,2025-01-24T22:15:08-08:00,0,82
style.css,91,css,710482f4,zohasan123,2025-01-24,22:15:08,-08:00,2025-01-24T22:15:08-08:00,0,3
style.css,92,css,710482f4,zohasan123,2025-01-24,22:15:08,-08:00,2025-01-24T22:15:08-08:00,0,0
style.css,93,css,710482f4,zohasan123,2025-01-24,22:15:08,-08:00,2025-01-24T22:15:08-08:00,0,14
style.css,94,css,710482f4,zohasan123,2025-01-24,22:15:08,-08:00,2025-01-24T22:15:08-08:00,0,54
style.css,95,css,710482f4,zohasan123,2025-01-24,22:15:08,-08:00,2025-01-24T22:15:08-08:00,0,2
style.css,96,css,710482f4,zohasan123,2025-01-24,22:15:08,-08:00,2025-01-24T22:15:08-08:00,0,0
style.css,97,css,710482f4,zohasan123,2025-01-24,22:15:08,-08:00,2025-01-24T22:15:08-08:00,0,3
style.css,98,css,710482f4,zohasan123,2025-01-24,22:15:08,-08:00,2025-01-24T22:15:08-08:00,0,14
style.css,99,css,710482f4,zohasan123,2025-01-24,22:15:08,-08:00,2025-01-24T22:15:08-08:00,0,18
style.css,100,css,710482f4,zohasan123,2025-01-24,22:15:08,-08:00,2025-01-24T22:15:08-08:00,0,20
style.css,101,css,710482f4,zohasan123,2025-01-24,22:15:08,-08:00,2025-01-24T22:15:08-08:00,0,16
style.css,102,css,710482f4,zohasan123,2025-01-24,22:15:08,-08:00,2025-01-24T22:15:08-08:00,0,0
style.css,103,css,710482f4,zohasan123,2025-01-24,22:15:08,-08:00,2025-01-24T22:15:08-08:00,0,0
style.css,104,css,710482f4,zohasan123,2025-01-24,22:15:08,-08:00,2025-01-24T22:15:08-08:00,0,32
style.css,105,css,710482f4,zohasan123,2025-01-24,22:15:08,-08:00,2025-01-24T22:15:08-08:00,0,10
style.css,106,css,710482f4,zohasan123,2025-01-24,22:15:08,-08:00,2025-01-24T22:15:08-08:00,0,13
style.css,107,css,710482f4,zohasan123,2025-01-24,22:15:08,-08:00,2025-01-24T22:15:08-08:00,0,59
style.css,108,css,710482f4,zohasan123,2025-01-24,22:15:08,-08:00,2025-01-24T22:15:08-08:00,0,8
style.css,109,css,710482f4,zohasan123,2025-01-24,22:15:08,-08:00,2025-01-24T22:15:08-08:00,0,12
style.css,110,css,710482f4,zohasan123,2025-01-24,22:15:08,-08:00,2025-01-24T22:15:08-08:00,0,0
style.css,111,css,710482f4,zohasan123,2025-01-24,22:15:08,-08:00,2025-01-24T22:15:08-08:00,0,0
style.css,112,css,710482f4,zohasan123,2025-01-24,22:15:08,-08:00,2025-01-24T22:15:08-08:00,0,18
style.css,113,css,710482f4,zohasan123,2025-01-24,22:15:08,-08:00,2025-01-24T22:15:08-08:00,0,13
style.css,114,css,710482f4,zohasan123,2025-01-24,22:15:08,-08:00,2025-01-24T22:15:08-08:00,0,27
style.css,115,css,710482f4,zohasan123,2025-01-24,22:15:08,-08:00,2025-01-24T22:15:08-08:00,0,16
style.css,116,css,710482f4,zohasan123,2025-01-24,22:15:08,-08:00,2025-01-24T22:15:08-08:00,0,25
style.css,117,css,710482f4,zohasan123,2025-01-24,22:15:08,-08:00,2025-01-24T22:15:08-08:00,0,22
style.css,118,css,710482f4,zohasan123,2025-01-24,22:15:08,-08:00,2025-01-24T22:15:08-08:00,0,18
style.css,119,css,710482f4,zohasan123,2025-01-24,22:15:08,-08:00,2025-01-24T22:15:08-08:00,0,12
style.css,120,css,710482f4,zohasan123,2025-01-24,22:15:08,-08:00,2025-01-24T22:15:08-08:00,0,40
style.css,121,css,710482f4,zohasan123,2025-01-24,22:15:08,-08:00,2025-01-24T22:15:08-08:00,0,8
style.css,122,css,710482f4,zohasan123,2025-01-24,22:15:08,-08:00,2025-01-24T22:15:08-08:00,0,18
style.css,123,css,710482f4,zohasan123,2025-01-24,22:15:08,-08:00,2025-01-24T22:15:08-08:00,0,0
style.css,124,css,710482f4,zohasan123,2025-01-24,22:15:08,-08:00,2025-01-24T22:15:08-08:00,0,0
style.css,125,css,710482f4,zohasan123,2025-01-24,22:15:08,-08:00,2025-01-24T22:15:08-08:00,0,21
style.css,126,css,710482f4,zohasan123,2025-01-24,22:15:08,-08:00,2025-01-24T22:15:08-08:00,0,9
style.css,127,css,710482f4,zohasan123,2025-01-24,22:15:08,-08:00,2025-01-24T22:15:08-08:00,0,17
style.css,128,css,710482f4,zohasan123,2025-01-24,22:15:08,-08:00,2025-01-24T22:15:08-08:00,0,16
style.css,129,css,710482f4,zohasan123,2025-01-24,22:15:08,-08:00,2025-01-24T22:15:08-08:00,0,18
style.css,130,css,710482f4,zohasan123,2025-01-24,22:15:08,-08:00,2025-01-24T22:15:08-08:00,0,11
style.css,131,css,710482f4,zohasan123,2025-01-24,22:15:08,-08:00,2025-01-24T22:15:08-08:00,0,0
style.css,132,css,710482f4,zohasan123,2025-01-24,22:15:08,-08:00,2025-01-24T22:15:08-08:00,0,0
style.css,133,css,710482f4,zohasan123,2025-01-24,22:15:08,-08:00,2025-01-24T22:15:08-08:00,0,22
style.css,134,css,710482f4,zohasan123,2025-01-24,22:15:08,-08:00,2025-01-24T22:15:08-08:00,0,15
style.css,135,css,710482f4,zohasan123,2025-01-24,22:15:08,-08:00,2025-01-24T22:15:08-08:00,0,12
style.css,136,css,710482f4,zohasan123,2025-01-24,22:15:08,-08:00,2025-01-24T22:15:08-08:00,0,0
style.css,137,css,710482f4,zohasan123,2025-01-24,22:15:08,-08:00,2025-01-24T22:15:08-08:00,0,0
style.css,138,css,710482f4,zohasan123,2025-01-24,22:15:08,-08:00,2025-01-24T22:15:08-08:00,0,20
style.css,139,css,710482f4,zohasan123,2025-01-24,22:15:08,-08:00,2025-01-24T22:15:08-08:00,0,9
style.css,140,css,710482f4,zohasan123,2025-01-24,22:15:08,-08:00,2025-01-24T22:15:08-08:00,0,11
style.css,141,css,710482f4,zohasan123,2025-01-24,22:15:08,-08:00,2025-01-24T22:15:08-08:00,0,0
style.css,142,css,710482f4,zohasan123,2025-01-24,22:15:08,-08:00,2025-01-24T22:15:08-08:00,0,0
style.css,143,css,710482f4,zohasan123,2025-01-24,22:15:08,-08:00,2025-01-24T22:15:08-08:00,0,23
style.css,144,css,710482f4,zohasan123,2025-01-24,22:15:08,-08:00,2025-01-24T22:15:08-08:00,0,16
style.css,145,css,710482f4,zohasan123,2025-01-24,22:15:08,-08:00,2025-01-24T22:15:08-08:00,0,18
style.css,146,css,710482f4,zohasan123,2025-01-24,22:15:08,-08:00,2025-01-24T22:15:08-08:00,0,0
style.css,147,css,710482f4,zohasan123,2025-01-24,22:15:08,-08:00,2025-01-24T22:15:08-08:00,0,0
style.css,148,css,710482f4,zohasan123,2025-01-24,22:15:08,-08:00,2025-01-24T22:15:08-08:00,0,3
style.css,149,css,710482f4,zohasan123,2025-01-24,22:15:08,-08:00,2025-01-24T22:15:08-08:00,0,15
style.css,150,css,710482f4,zohasan123,2025-01-24,22:15:08,-08:00,2025-01-24T22:15:08-08:00,0,20
style.css,151,css,710482f4,zohasan123,2025-01-24,22:15:08,-08:00,2025-01-24T22:15:08-08:00,0,0
style.css,152,css,710482f4,zohasan123,2025-01-24,22:15:08,-08:00,2025-01-24T22:15:08-08:00,0,0
style.css,153,css,710482f4,zohasan123,2025-01-24,22:15:08,-08:00,2025-01-24T22:15:08-08:00,0,3
style.css,154,css,710482f4,zohasan123,2025-01-24,22:15:08,-08:00,2025-01-24T22:15:08-08:00,0,15
style.css,155,css,710482f4,zohasan123,2025-01-24,22:15:08,-08:00,2025-01-24T22:15:08-08:00,0,20
style.css,156,css,710482f4,zohasan123,2025-01-24,22:15:08,-08:00,2025-01-24T22:15:08-08:00,0,0
style.css,157,css,104d9b2f,zohasan123,2025-02-01,14:33:07,-08:00,2025-02-01T14:33:07-08:00,0,0
style.css,158,css,b3629bbf,zohasan123,2025-02-07,15:08:39,-08:00,2025-02-07T15:08:39-08:00,0,0
style.css,159,css,b3629bbf,zohasan123,2025-02-07,15:08:39,-08:00,2025-02-07T15:08:39-08:00,0,0
style.css,160,css,b3629bbf,zohasan123,2025-02-07,15:08:39,-08:00,2025-02-07T15:08:39-08:00,0,23
style.css,161,css,b3629bbf,zohasan123,2025-02-07,15:08:39,-08:00,2025-02-07T15:08:39-08:00,0,10
style.css,162,css,b3629bbf,zohasan123,2025-02-07,15:08:39,-08:00,2025-02-07T15:08:39-08:00,0,18
style.css,163,css,b3629bbf,zohasan123,2025-02-07,15:08:39,-08:00,2025-02-07T15:08:39-08:00,0,21
style.css,164,css,b3629bbf,zohasan123,2025-02-07,15:08:39,-08:00,2025-02-07T15:08:39-08:00,0,11
style.css,165,css,b3629bbf,zohasan123,2025-02-07,15:08:39,-08:00,2025-02-07T15:08:39-08:00,0,16
style.css,166,css,b3629bbf,zohasan123,2025-02-07,15:08:39,-08:00,2025-02-07T15:08:39-08:00,0,0
style.css,167,css,b3629bbf,zohasan123,2025-02-07,15:08:39,-08:00,2025-02-07T15:08:39-08:00,0,0
style.css,168,css,b3629bbf,zohasan123,2025-02-07,15:08:39,-08:00,2025-02-07T15:08:39-08:00,0,20
style.css,169,css,b3629bbf,zohasan123,2025-02-07,15:08:39,-08:00,2025-02-07T15:08:39-08:00,0,14
style.css,170,css,b3629bbf,zohasan123,2025-02-07,15:08:39,-08:00,2025-02-07T15:08:39-08:00,0,25
style.css,171,css,b3629bbf,zohasan123,2025-02-07,15:08:39,-08:00,2025-02-07T15:08:39-08:00,0,12
style.css,172,css,b3629bbf,zohasan123,2025-02-07,15:08:39,-08:00,2025-02-07T15:08:39-08:00,0,18
style.css,173,css,b3629bbf,zohasan123,2025-02-07,15:08:39,-08:00,2025-02-07T15:08:39-08:00,0,15
style.css,174,css,b3629bbf,zohasan123,2025-02-07,15:08:39,-08:00,2025-02-07T15:08:39-08:00,0,12
style.css,175,css,b3629bbf,zohasan123,2025-02-07,15:08:39,-08:00,2025-02-07T15:08:39-08:00,0,15
style.css,176,css,b3629bbf,zohasan123,2025-02-07,15:08:39,-08:00,2025-02-07T15:08:39-08:00,0,11
style.css,177,css,b3629bbf,zohasan123,2025-02-07,15:08:39,-08:00,2025-02-07T15:08:39-08:00,0,16
style.css,178,css,b3629bbf,zohasan123,2025-02-07,15:08:39,-08:00,2025-02-07T15:08:39-08:00,0,0
style.css,179,css,b3629bbf,zohasan123,2025-02-07,15:08:39,-08:00,2025-02-07T15:08:39-08:00,0,0
style.css,180,css,b3629bbf,zohasan123,2025-02-07,15:08:39,-08:00,2025-02-07T15:08:39-08:00,0,21
style.css,181,css,b3629bbf,zohasan123,2025-02-07,15:08:39,-08:00,2025-02-07T15:08:39-08:00,0,18
style.css,182,css,b3629bbf,zohasan123,2025-02-07,15:08:39,-08:00,2025-02-07T15:08:39-08:00,0,13
style.css,183,css,b3629bbf,zohasan123,2025-02-07,15:08:39,-08:00,2025-02-07T15:08:39-08:00,0,18
style.css,184,css,b3629bbf,zohasan123,2025-02-07,15:08:39,-08:00,2025-02-07T15:08:39-08:00,0,23
style.css,185,css,b3629bbf,zohasan123,2025-02-07,15:08:39,-08:00,2025-02-07T15:08:39-08:00,0,42
style.css,186,css,b3629bbf,zohasan123,2025-02-07,15:08:39,-08:00,2025-02-07T15:08:39-08:00,0,13
style.css,187,css,b3629bbf,zohasan123,2025-02-07,15:08:39,-08:00,2025-02-07T15:08:39-08:00,0,11
style.css,188,css,b3629bbf,zohasan123,2025-02-07,15:08:39,-08:00,2025-02-07T15:08:39-08:00,0,18
style.css,189,css,b3629bbf,zohasan123,2025-02-07,15:08:39,-08:00,2025-02-07T15:08:39-08:00,0,10
style.css,190,css,b3629bbf,zohasan123,2025-02-07,15:08:39,-08:00,2025-02-07T15:08:39-08:00,0,0
style.css,191,css,b3629bbf,zohasan123,2025-02-07,15:08:39,-08:00,2025-02-07T15:08:39-08:00,0,0
style.css,192,css,b3629bbf,zohasan123,2025-02-07,15:08:39,-08:00,2025-02-07T15:08:39-08:00,0,22
style.css,193,css,b3629bbf,zohasan123,2025-02-07,15:08:39,-08:00,2025-02-07T15:08:39-08:00,0,21
style.css,194,css,b3629bbf,zohasan123,2025-02-07,15:08:39,-08:00,2025-02-07T15:08:39-08:00,0,13
style.css,195,css,b3629bbf,zohasan123,2025-02-07,15:08:39,-08:00,2025-02-07T15:08:39-08:00,0,63
style.css,196,css,b3629bbf,zohasan123,2025-02-07,15:08:39,-08:00,2025-02-07T15:08:39-08:00,0,9
style.css,197,css,b3629bbf,zohasan123,2025-02-07,15:08:39,-08:00,2025-02-07T15:08:39-08:00,0,18
style.css,198,css,b3629bbf,zohasan123,2025-02-07,15:08:39,-08:00,2025-02-07T15:08:39-08:00,0,9
style.css,199,css,b3629bbf,zohasan123,2025-02-07,15:08:39,-08:00,2025-02-07T15:08:39-08:00,0,13
style.css,200,css,104d9b2f,zohasan123,2025-02-01,14:33:07,-08:00,2025-02-01T14:33:07-08:00,0,0
style.css,201,css,104d9b2f,zohasan123,2025-02-01,14:33:07,-08:00,2025-02-01T14:33:07-08:00,0,0
style.css,202,css,104d9b2f,zohasan123,2025-02-01,14:33:07,-08:00,2025-02-01T14:33:07-08:00,0,36
style.css,203,css,b3629bbf,zohasan123,2025-02-07,15:08:39,-08:00,2025-02-07T15:08:39-08:00,0,21
style.css,204,css,b3629bbf,zohasan123,2025-02-07,15:08:39,-08:00,2025-02-07T15:08:39-08:00,0,11
style.css,205,css,b3629bbf,zohasan123,2025-02-07,15:08:39,-08:00,2025-02-07T15:08:39-08:00,0,17
style.css,206,css,104d9b2f,zohasan123,2025-02-01,14:33:07,-08:00,2025-02-01T14:33:07-08:00,0,0
style.css,207,css,104d9b2f,zohasan123,2025-02-01,14:33:07,-08:00,2025-02-01T14:33:07-08:00,0,0
style.css,208,css,104d9b2f,zohasan123,2025-02-01,14:33:07,-08:00,2025-02-01T14:33:07-08:00,0,37
style.css,209,css,b3629bbf,zohasan123,2025-02-07,15:08:39,-08:00,2025-02-07T15:08:39-08:00,0,21
style.css,210,css,b3629bbf,zohasan123,2025-02-07,15:08:39,-08:00,2025-02-07T15:08:39-08:00,0,11
style.css,211,css,b3629bbf,zohasan123,2025-02-07,15:08:39,-08:00,2025-02-07T15:08:39-08:00,0,9
style.css,212,css,b3629bbf,zohasan123,2025-02-07,15:08:39,-08:00,2025-02-07T15:08:39-08:00,0,0
style.css,213,css,b3629bbf,zohasan123,2025-02-07,15:08:39,-08:00,2025-02-07T15:08:39-08:00,0,0
style.css,214,css,b3629bbf,zohasan123,2025-02-07,15:08:39,-08:00,2025-02-07T15:08:39-08:00,0,41
style.css,215,css,b3629bbf,zohasan123,2025-02-07,15:08:39,-08:00,2025-02-07T15:08:39-08:00,0,39
style.css,216,css,b3629bbf,zohasan123,2025-02-07,15:08:39,-08:00,2025-02-07T15:08:39-08:00,0,40
style.css,217,css,b3629bbf,zohasan123,2025-02-07,15:08:39,-08:00,2025-02-07T15:08:39-08:00,0,14
style.css,218,css,b3629bbf,zohasan123,2025-02-07,15:08:39,-08:00,2025-02-07T15:08:39-08:00,0,0
style.css,219,css,b3629bbf,zohasan123,2025-02-07,15:08:39,-08:00,2025-02-07T15:08:39-08:00,0,0
style.css,220,css,b3629bbf,zohasan123,2025-02-07,15:08:39,-08:00,2025-02-07T15:08:39-08:00,0,19
style.css,221,css,b3629bbf,zohasan123,2025-02-07,15:08:39,-08:00,2025-02-07T15:08:39-08:00,0,15
style.css,222,css,b3629bbf,zohasan123,2025-02-07,15:08:39,-08:00,2025-02-07T15:08:39-08:00,0,17
style.css,223,css,b3629bbf,zohasan123,2025-02-07,15:08:39,-08:00,2025-02-07T15:08:39-08:00,0,0
style.css,224,css,b3629bbf,zohasan123,2025-02-07,15:08:39,-08:00,2025-02-07T15:08:39-08:00,0,17
style.css,225,css,104d9b2f,zohasan123,2025-02-01,14:33:07,-08:00,2025-02-01T14:33:07-08:00,0,0
style.css,226,css,104d9b2f,zohasan123,2025-02-01,14:33:07,-08:00,2025-02-01T14:33:07-08:00,0,0
style.css,227,css,b36bbe73,zohasan123,2025-02-08,01:31:44,-08:00,2025-02-08T01:31:44-08:00,0,0
style.css,228,css,b36bbe73,zohasan123,2025-02-08,01:31:44,-08:00,2025-02-08T01:31:44-08:00,0,8
style.css,229,css,b36bbe73,zohasan123,2025-02-08,01:31:44,-08:00,2025-02-08T01:31:44-08:00,0,13
style.css,230,css,b36bbe73,zohasan123,2025-02-08,01:31:44,-08:00,2025-02-08T01:31:44-08:00,0,64
style.css,231,css,b36bbe73,zohasan123,2025-02-08,01:31:44,-08:00,2025-02-08T01:31:44-08:00,0,60
style.css,232,css,b36bbe73,zohasan123,2025-02-08,01:31:44,-08:00,2025-02-08T01:31:44-08:00,0,22
style.css,233,css,b36bbe73,zohasan123,2025-02-08,01:31:44,-08:00,2025-02-08T01:31:44-08:00,0,12
style.css,234,css,b36bbe73,zohasan123,2025-02-08,01:31:44,-08:00,2025-02-08T01:31:44-08:00,0,13
style.css,235,css,b36bbe73,zohasan123,2025-02-08,01:31:44,-08:00,2025-02-08T01:31:44-08:00,0,57
style.css,236,css,b36bbe73,zohasan123,2025-02-08,01:31:44,-08:00,2025-02-08T01:31:44-08:00,0,15
style.css,237,css,b36bbe73,zohasan123,2025-02-08,01:31:44,-08:00,2025-02-08T01:31:44-08:00,0,0
style.css,238,css,b36bbe73,zohasan123,2025-02-08,01:31:44,-08:00,2025-02-08T01:31:44-08:00,0,0
style.css,239,css,b36bbe73,zohasan123,2025-02-08,01:31:44,-08:00,2025-02-08T01:31:44-08:00,0,15
style.css,240,css,b36bbe73,zohasan123,2025-02-08,01:31:44,-08:00,2025-02-08T01:31:44-08:00,0,11
style.css,241,css,b36bbe73,zohasan123,2025-02-08,01:31:44,-08:00,2025-02-08T01:31:44-08:00,0,13
style.css,242,css,b36bbe73,zohasan123,2025-02-08,01:31:44,-08:00,2025-02-08T01:31:44-08:00,0,19
style.css,243,css,b36bbe73,zohasan123,2025-02-08,01:31:44,-08:00,2025-02-08T01:31:44-08:00,0,16
style.css,244,css,b36bbe73,zohasan123,2025-02-08,01:31:44,-08:00,2025-02-08T01:31:44-08:00,0,70
style.css,245,css,b36bbe73,zohasan123,2025-02-08,01:31:44,-08:00,2025-02-08T01:31:44-08:00,0,0
style.css,246,css,b36bbe73,zohasan123,2025-02-08,01:31:44,-08:00,2025-02-08T01:31:44-08:00,0,0
style.css,247,css,b36bbe73,zohasan123,2025-02-08,01:31:44,-08:00,2025-02-08T01:31:44-08:00,0,23
style.css,248,css,b36bbe73,zohasan123,2025-02-08,01:31:44,-08:00,2025-02-08T01:31:44-08:00,0,19
style.css,249,css,b36bbe73,zohasan123,2025-02-08,01:31:44,-08:00,2025-02-08T01:31:44-08:00,0,66
style.css,250,css,b36bbe73,zohasan123,2025-02-08,01:31:44,-08:00,2025-02-08T01:31:44-08:00,0,10
style.css,251,css,b36bbe73,zohasan123,2025-02-08,01:31:44,-08:00,2025-02-08T01:31:44-08:00,0,11
style.css,252,css,b36bbe73,zohasan123,2025-02-08,01:31:44,-08:00,2025-02-08T01:31:44-08:00,0,52
style.css,253,css,b36bbe73,zohasan123,2025-02-08,01:31:44,-08:00,2025-02-08T01:31:44-08:00,0,61
style.css,254,css,b36bbe73,zohasan123,2025-02-08,01:31:44,-08:00,2025-02-08T01:31:44-08:00,0,83
style.css,255,css,b36bbe73,zohasan123,2025-02-08,01:31:44,-08:00,2025-02-08T01:31:44-08:00,0,0
style.css,256,css,b36bbe73,zohasan123,2025-02-08,01:31:44,-08:00,2025-02-08T01:31:44-08:00,0,0
style.css,257,css,b36bbe73,zohasan123,2025-02-08,01:31:44,-08:00,2025-02-08T01:31:44-08:00,0,11
style.css,258,css,b36bbe73,zohasan123,2025-02-08,01:31:44,-08:00,2025-02-08T01:31:44-08:00,0,13
style.css,259,css,b36bbe73,zohasan123,2025-02-08,01:31:44,-08:00,2025-02-08T01:31:44-08:00,0,52
style.css,260,css,b36bbe73,zohasan123,2025-02-08,01:31:44,-08:00,2025-02-08T01:31:44-08:00,0,53
style.css,261,css,b36bbe73,zohasan123,2025-02-08,01:31:44,-08:00,2025-02-08T01:31:44-08:00,0,63
style.css,262,css,b36bbe73,zohasan123,2025-02-08,01:31:44,-08:00,2025-02-08T01:31:44-08:00,0,66
style.css,263,css,b36bbe73,zohasan123,2025-02-08,01:31:44,-08:00,2025-02-08T01:31:44-08:00,0,73
style.css,264,css,b36bbe73,zohasan123,2025-02-08,01:31:44,-08:00,2025-02-08T01:31:44-08:00,0,71
style.css,265,css,b36bbe73,zohasan123,2025-02-08,01:31:44,-08:00,2025-02-08T01:31:44-08:00,0,0
style.css,266,css,b36bbe73,zohasan123,2025-02-08,01:31:44,-08:00,2025-02-08T01:31:44-08:00,0,0
style.css,267,css,b36bbe73,zohasan123,2025-02-08,01:31:44,-08:00,2025-02-08T01:31:44-08:00,0,54
style.css,268,css,b36bbe73,zohasan123,2025-02-08,01:31:44,-08:00,2025-02-08T01:31:44-08:00,0,15
style.css,269,css,b36bbe73,zohasan123,2025-02-08,01:31:44,-08:00,2025-02-08T01:31:44-08:00,0,54
style.css,270,css,b36bbe73,zohasan123,2025-02-08,01:31:44,-08:00,2025-02-08T01:31:44-08:00,0,52
style.css,271,css,b36bbe73,zohasan123,2025-02-08,01:31:44,-08:00,2025-02-08T01:31:44-08:00,0,84
style.css,272,css,b36bbe73,zohasan123,2025-02-08,01:31:44,-08:00,2025-02-08T01:31:44-08:00,0,0
style.css,273,css,b36bbe73,zohasan123,2025-02-08,01:31:44,-08:00,2025-02-08T01:31:44-08:00,0,0
style.css,274,css,b36bbe73,zohasan123,2025-02-08,01:31:44,-08:00,2025-02-08T01:31:44-08:00,0,11
style.css,275,css,b36bbe73,zohasan123,2025-02-08,01:31:44,-08:00,2025-02-08T01:31:44-08:00,0,76
style.css,276,css,b36bbe73,zohasan123,2025-02-08,01:31:44,-08:00,2025-02-08T01:31:44-08:00,0,76
style.css,277,css,b36bbe73,zohasan123,2025-02-08,01:31:44,-08:00,2025-02-08T01:31:44-08:00,0,70
style.css,278,css,b36bbe73,zohasan123,2025-02-08,01:31:44,-08:00,2025-02-08T01:31:44-08:00,0,80
style.css,279,css,b36bbe73,zohasan123,2025-02-08,01:31:44,-08:00,2025-02-08T01:31:44-08:00,0,53
style.css,280,css,b36bbe73,zohasan123,2025-02-08,01:31:44,-08:00,2025-02-08T01:31:44-08:00,0,77
style.css,281,css,b36bbe73,zohasan123,2025-02-08,01:31:44,-08:00,2025-02-08T01:31:44-08:00,0,56
style.css,282,css,b36bbe73,zohasan123,2025-02-08,01:31:44,-08:00,2025-02-08T01:31:44-08:00,0,64
style.css,283,css,b36bbe73,zohasan123,2025-02-08,01:31:44,-08:00,2025-02-08T01:31:44-08:00,0,82
style.css,284,css,b36bbe73,zohasan123,2025-02-08,01:31:44,-08:00,2025-02-08T01:31:44-08:00,0,0
style.css,285,css,b36bbe73,zohasan123,2025-02-08,01:31:44,-08:00,2025-02-08T01:31:44-08:00,0,0
style.css,286,css,b36bbe73,zohasan123,2025-02-08,01:31:44,-08:00,2025-02-08T01:31:44-08:00,0,37
style.css,287,css,b36bbe73,zohasan123,2025-02-08,01:31:44,-08:00,2025-02-08T01:31:44-08:00,0,12
style.css,288,css,b36bbe73,zohasan123,2025-02-08,01:31:44,-08:00,2025-02-08T01:31:44-08:00,0,0
style.css,289,css,b36bbe73,zohasan123,2025-02-08,01:31:44,-08:00,2025-02-08T01:31:44-08:00,0,0
style.css,290,css,b36bbe73,zohasan123,2025-02-08,01:31:44,-08:00,2025-02-08T01:31:44-08:00,0,5
style.css,291,css,b36bbe73,zohasan123,2025-02-08,01:31:44,-08:00,2025-02-08T01:31:44-08:00,0,25
style.css,292,css,b36bbe73,zohasan123,2025-02-08,01:31:44,-08:00,2025-02-08T01:31:44-08:00,0,0
style.css,293,css,b36bbe73,zohasan123,2025-02-08,01:31:44,-08:00,2025-02-08T01:31:44-08:00,0,0
style.css,294,css,b36bbe73,zohasan123,2025-02-08,01:31:44,-08:00,2025-02-08T01:31:44-08:00,0,0
style.css,295,css,b36bbe73,zohasan123,2025-02-08,01:31:44,-08:00,2025-02-08T01:31:44-08:00,0,60
style.css,296,css,b36bbe73,zohasan123,2025-02-08,01:31:44,-08:00,2025-02-08T01:31:44-08:00,0,14
style.css,297,css,b36bbe73,zohasan123,2025-02-08,01:31:44,-08:00,2025-02-08T01:31:44-08:00,0,33
style.css,298,css,b36bbe73,zohasan123,2025-02-08,01:31:44,-08:00,2025-02-08T01:31:44-08:00,0,0
style.css,299,css,b36bbe73,zohasan123,2025-02-08,01:31:44,-08:00,2025-02-08T01:31:44-08:00,0,0
style.css,300,css,b36bbe73,zohasan123,2025-02-08,01:31:44,-08:00,2025-02-08T01:31:44-08:00,0,75
style.css,301,css,b36bbe73,zohasan123,2025-02-08,01:31:44,-08:00,2025-02-08T01:31:44-08:00,0,22
style.css,302,css,b36bbe73,zohasan123,2025-02-08,01:31:44,-08:00,2025-02-08T01:31:44-08:00,0,45
style.css,303,css,b36bbe73,zohasan123,2025-02-08,01:31:44,-08:00,2025-02-08T01:31:44-08:00,0,68
style.css,304,css,b36bbe73,zohasan123,2025-02-08,01:31:44,-08:00,2025-02-08T01:31:44-08:00,0,0
style.css,305,css,b36bbe73,zohasan123,2025-02-08,01:31:44,-08:00,2025-02-08T01:31:44-08:00,0,0
style.css,306,css,b36bbe73,zohasan123,2025-02-08,01:31:44,-08:00,2025-02-08T01:31:44-08:00,0,50
style.css,307,css,b36bbe73,zohasan123,2025-02-08,01:31:44,-08:00,2025-02-08T01:31:44-08:00,0,20
style.css,308,css,b36bbe73,zohasan123,2025-02-08,01:31:44,-08:00,2025-02-08T01:31:44-08:00,0,17
style.css,309,css,b36bbe73,zohasan123,2025-02-08,01:31:44,-08:00,2025-02-08T01:31:44-08:00,0,64
style.css,310,css,b36bbe73,zohasan123,2025-02-08,01:31:44,-08:00,2025-02-08T01:31:44-08:00,0,16
style.css,311,css,b36bbe73,zohasan123,2025-02-08,01:31:44,-08:00,2025-02-08T01:31:44-08:00,0,14
style.css,312,css,b36bbe73,zohasan123,2025-02-08,01:31:44,-08:00,2025-02-08T01:31:44-08:00,0,0
index.js,1,js,cee6ce14,zohasan123,2025-02-01,13:46:09,-08:00,2025-02-01T13:46:09-08:00,0,75
index.js,2,js,cee6ce14,zohasan123,2025-02-01,13:46:09,-08:00,2025-02-01T13:46:09-08:00,0,58
index.js,3,js,cee6ce14,zohasan123,2025-02-01,13:46:09,-08:00,2025-02-01T13:46:09-08:00,0,46
index.js,4,js,cee6ce14,zohasan123,2025-02-01,13:46:09,-08:00,2025-02-01T13:46:09-08:00,0,64
index.js,5,js,cee6ce14,zohasan123,2025-02-01,13:46:09,-08:00,2025-02-01T13:46:09-08:00,0,58
index.js,6,js,cee6ce14,zohasan123,2025-02-01,13:46:09,-08:00,2025-02-01T13:46:09-08:00,0,0
index.js,7,js,cee6ce14,zohasan123,2025-02-01,13:46:09,-08:00,2025-02-01T13:46:09-08:00,0,0
index.js,8,js,104976d6,zohasan123,2025-01-31,21:07:24,-08:00,2025-01-31T21:07:24-08:00,0,72
index.js,9,js,407af3e2,zohasan123,2025-01-31,21:14:39,-08:00,2025-01-31T21:14:39-08:00,0,0
index.js,10,js,cee6ce14,zohasan123,2025-02-01,13:46:09,-08:00,2025-02-01T13:46:09-08:00,0,58
index.js,11,js,104d9b2f,zohasan123,2025-02-01,14:33:07,-08:00,2025-02-01T14:33:07-08:00,0,4
index.js,12,js,104d9b2f,zohasan123,2025-02-01,14:33:07,-08:00,2025-02-01T14:33:07-08:00,0,23
index.js,13,js,104d9b2f,zohasan123,2025-02-01,14:33:07,-08:00,2025-02-01T14:33:07-08:00,0,55
index.js,14,js,104d9b2f,zohasan123,2025-02-01,14:33:07,-08:00,2025-02-01T14:33:07-08:00,0,15
index.js,15,js,104d9b2f,zohasan123,2025-02-01,14:33:07,-08:00,2025-02-01T14:33:07-08:00,0,61
index.js,16,js,104d9b2f,zohasan123,2025-02-01,14:33:07,-08:00,2025-02-01T14:33:07-08:00,0,6
index.js,17,js,104d9b2f,zohasan123,2025-02-01,14:33:07,-08:00,2025-02-01T14:33:07-08:00,0,0
index.js,18,js,104d9b2f,zohasan123,2025-02-01,14:33:07,-08:00,2025-02-01T14:33:07-08:00,0,0
index.js,19,js,104d9b2f,zohasan123,2025-02-01,14:33:07,-08:00,2025-02-01T14:33:07-08:00,0,43
index.js,20,js,104d9b2f,zohasan123,2025-02-01,14:33:07,-08:00,2025-02-01T14:33:07-08:00,0,61
index.js,21,js,104d9b2f,zohasan123,2025-02-01,14:33:07,-08:00,2025-02-01T14:33:07-08:00,0,0
index.js,22,js,104d9b2f,zohasan123,2025-02-01,14:33:07,-08:00,2025-02-01T14:33:07-08:00,0,23
index.js,23,js,104d9b2f,zohasan123,2025-02-01,14:33:07,-08:00,2025-02-01T14:33:07-08:00,0,55
index.js,24,js,104d9b2f,zohasan123,2025-02-01,14:33:07,-08:00,2025-02-01T14:33:07-08:00,0,7
index.js,25,js,104d9b2f,zohasan123,2025-02-01,14:33:07,-08:00,2025-02-01T14:33:07-08:00,0,57
index.js,26,js,104d9b2f,zohasan123,2025-02-01,14:33:07,-08:00,2025-02-01T14:33:07-08:00,0,0
index.js,27,js,104d9b2f,zohasan123,2025-02-01,14:33:07,-08:00,2025-02-01T14:33:07-08:00,0,0
index.js,28,js,104d9b2f,zohasan123,2025-02-01,14:33:07,-08:00,2025-02-01T14:33:07-08:00,0,40
index.js,29,js,cb7ebe2b,zohasan123,2025-02-01,14:34:43,-08:00,2025-02-01T14:34:43-08:00,0,75
index.js,30,js,104d9b2f,zohasan123,2025-02-01,14:33:07,-08:00,2025-02-01T14:33:07-08:00,0,81
index.js,31,js,cee6ce14,zohasan123,2025-02-01,13:46:09,-08:00,2025-02-01T13:46:09-08:00,0,0
index.js,32,js,104d9b2f,zohasan123,2025-02-01,14:33:07,-08:00,2025-02-01T14:33:07-08:00,0,18
index.js,33,js,104d9b2f,zohasan123,2025-02-01,14:33:07,-08:00,2025-02-01T14:33:07-08:00,0,25
index.js,34,js,104d9b2f,zohasan123,2025-02-01,14:33:07,-08:00,2025-02-01T14:33:07-08:00,0,3
index.js,35,js,104d9b2f,zohasan123,2025-02-01,14:33:07,-08:00,2025-02-01T14:33:07-08:00,0,56
index.js,36,js,104d9b2f,zohasan123,2025-02-01,14:33:07,-08:00,2025-02-01T14:33:07-08:00,0,56
index.js,37,js,104d9b2f,zohasan123,2025-02-01,14:33:07,-08:00,2025-02-01T14:33:07-08:00,0,50
index.js,38,js,104d9b2f,zohasan123,2025-02-01,14:33:07,-08:00,2025-02-01T14:33:07-08:00,0,50
index.js,39,js,104d9b2f,zohasan123,2025-02-01,14:33:07,-08:00,2025-02-01T14:33:07-08:00,0,4
index.js,40,js,104d9b2f,zohasan123,2025-02-01,14:33:07,-08:00,2025-02-01T14:33:07-08:00,0,1
index.js,41,js,104d9b2f,zohasan123,2025-02-01,14:33:07,-08:00,2025-02-01T14:33:07-08:00,0,7
index.js,42,js,104d9b2f,zohasan123,2025-02-01,14:33:07,-08:00,2025-02-01T14:33:07-08:00,0,59
index.js,43,js,104d9b2f,zohasan123,2025-02-01,14:33:07,-08:00,2025-02-01T14:33:07-08:00,0,0
index.js,44,js,407af3e2,zohasan123,2025-01-31,21:14:39,-08:00,2025-01-31T21:14:39-08:00,0,0
index.js,45,js,104d9b2f,zohasan123,2025-02-01,14:33:07,-08:00,2025-02-01T14:33:07-08:00,0,16
index.js,46,js,104d9b2f,zohasan123,2025-02-01,14:33:07,-08:00,2025-02-01T14:33:07-08:00,0,46
index.js,47,js,cee6ce14,zohasan123,2025-02-01,13:46:09,-08:00,2025-02-01T13:46:09-08:00,0,0
index.js,48,js,cee6ce14,zohasan123,2025-02-01,13:46:09,-08:00,2025-02-01T13:46:09-08:00,0,2
index.html,1,html,57aba01,zohasan123,2025-01-21,12:43:15,-08:00,2025-01-21T12:43:15-08:00,0,14
index.html,2,html,104976d6,zohasan123,2025-01-31,21:07:24,-08:00,2025-01-31T21:07:24-08:00,0,28
index.html,3,html,57aba01,zohasan123,2025-01-21,12:43:15,-08:00,2025-01-21T12:43:15-08:00,0,5
index.html,4,html,57aba01,zohasan123,2025-01-21,12:43:15,-08:00,2025-01-21T12:43:15-08:00,0,21
index.html,5,html,57aba01,zohasan123,2025-01-21,12:43:15,-08:00,2025-01-21T12:43:15-08:00,0,69
index.html,6,html,57aba01,zohasan123,2025-01-21,12:43:15,-08:00,2025-01-21T12:43:15-08:00,0,39
index.html,7,html,57aba01,zohasan123,2025-01-21,12:43:15,-08:00,2025-01-21T12:43:15-08:00,0,53
index.html,8,html,57aba01,zohasan123,2025-01-21,12:43:15,-08:00,2025-01-21T12:43:15-08:00,0,6
index.html,9,html,104976d6,zohasan123,2025-01-31,21:07:24,-08:00,2025-01-31T21:07:24-08:00,0,0
index.html,10,html,57aba01,zohasan123,2025-01-21,12:43:15,-08:00,2025-01-21T12:43:15-08:00,0,5
index.html,11,html,57aba01,zohasan123,2025-01-21,12:43:15,-08:00,2025-01-21T12:43:15-08:00,0,18
index.html,12,html,57aba01,zohasan123,2025-01-21,12:43:15,-08:00,2025-01-21T12:43:15-08:00,0,161
index.html,13,html,57aba01,zohasan123,2025-01-21,12:43:15,-08:00,2025-01-21T12:43:15-08:00,0,82
index.html,14,html,104976d6,zohasan123,2025-01-31,21:07:24,-08:00,2025-01-31T21:07:24-08:00,0,0
index.html,15,html,104976d6,zohasan123,2025-01-31,21:07:24,-08:00,2025-01-31T21:07:24-08:00,0,23
index.html,16,html,104976d6,zohasan123,2025-01-31,21:07:24,-08:00,2025-01-31T21:07:24-08:00,0,21
index.html,17,html,104976d6,zohasan123,2025-01-31,21:07:24,-08:00,2025-01-31T21:07:24-08:00,0,50
index.html,18,html,104976d6,zohasan123,2025-01-31,21:07:24,-08:00,2025-01-31T21:07:24-08:00,0,5
index.html,19,html,c6b5b8fe,zohasan123,2025-02-07,17:16:04,-08:00,2025-02-07T17:16:04-08:00,0,0
index.html,20,html,c6b5b8fe,zohasan123,2025-02-07,17:16:04,-08:00,2025-02-07T17:16:04-08:00,0,0
index.html,21,html,104d9b2f,zohasan123,2025-02-01,14:33:07,-08:00,2025-02-01T14:33:07-08:00,0,28
index.html,22,html,09c78382,zohasan123,2025-02-01,14:50:53,-08:00,2025-02-01T14:50:53-08:00,0,23
index.html,23,html,104d9b2f,zohasan123,2025-02-01,14:33:07,-08:00,2025-02-01T14:33:07-08:00,0,5
index.html,24,html,104d9b2f,zohasan123,2025-02-01,14:33:07,-08:00,2025-02-01T14:33:07-08:00,0,0
index.html,25,html,104d9b2f,zohasan123,2025-02-01,14:33:07,-08:00,2025-02-01T14:33:07-08:00,0,0
index.html,26,html,407af3e2,zohasan123,2025-01-31,21:14:39,-08:00,2025-01-31T21:14:39-08:00,0,46
index.html,27,html,407af3e2,zohasan123,2025-01-31,21:14:39,-08:00,2025-01-31T21:14:39-08:00,0,51
index.html,28,html,104976d6,zohasan123,2025-01-31,21:07:24,-08:00,2025-01-31T21:07:24-08:00,0,0
index.html,29,html,57aba01,zohasan123,2025-01-21,12:43:15,-08:00,2025-01-21T12:43:15-08:00,0,6
index.html,30,html,a126b653,zohasan123,2025-01-30,14:55:34,-08:00,2025-01-30T14:55:34-08:00,0,6
global.js,1,js,710482f4,zohasan123,2025-01-24,22:15:08,-08:00,2025-01-24T22:15:08-08:00,0,26
global.js,2,js,710482f4,zohasan123,2025-01-24,22:15:08,-08:00,2025-01-24T22:15:08-08:00,0,0
global.js,3,js,6922ab95,zohasan123,2025-01-31,14:14:44,-08:00,2025-01-31T14:14:44-08:00,0,32
global.js,4,js,6922ab95,zohasan123,2025-01-31,14:14:44,-08:00,2025-01-31T14:14:44-08:00,0,0
global.js,5,js,920cbf9e,zohasan123,2025-01-30,12:15:10,-08:00,2025-01-30T12:15:10-08:00,0,0
global.js,6,js,11ca26da,zohasan123,2025-01-31,08:56:51,-08:00,2025-01-31T08:56:51-08:00,0,47
global.js,7,js,4352fad5,zohasan123,2025-01-31,09:04:06,-08:00,2025-01-31T09:04:06-08:00,0,15
global.js,8,js,4352fad5,zohasan123,2025-01-31,09:04:06,-08:00,2025-01-31T09:04:06-08:00,0,31
global.js,9,js,4352fad5,zohasan123,2025-01-31,09:04:06,-08:00,2025-01-31T09:04:06-08:00,0,44
global.js,10,js,4352fad5,zohasan123,2025-01-31,09:04:06,-08:00,2025-01-31T09:04:06-08:00,0,40
global.js,11,js,4352fad5,zohasan123,2025-01-31,09:04:06,-08:00,2025-01-31T09:04:06-08:00,0,43
global.js,12,js,4352fad5,zohasan123,2025-01-31,09:04:06,-08:00,2025-01-31T09:04:06-08:00,0,62
global.js,13,js,4352fad5,zohasan123,2025-01-31,09:04:06,-08:00,2025-01-31T09:04:06-08:00,0,4
global.js,14,js,4352fad5,zohasan123,2025-01-31,09:04:06,-08:00,2025-01-31T09:04:06-08:00,0,0
global.js,15,js,9d5ea3ef,zohasan123,2025-01-31,09:14:29,-08:00,2025-01-31T09:14:29-08:00,0,15
global.js,16,js,9d5ea3ef,zohasan123,2025-01-31,09:14:29,-08:00,2025-01-31T09:14:29-08:00,0,56
global.js,17,js,9d5ea3ef,zohasan123,2025-01-31,09:14:29,-08:00,2025-01-31T09:14:29-08:00,0,69
global.js,18,js,9d5ea3ef,zohasan123,2025-01-31,09:14:29,-08:00,2025-01-31T09:14:29-08:00,0,65
global.js,19,js,9d5ea3ef,zohasan123,2025-01-31,09:14:29,-08:00,2025-01-31T09:14:29-08:00,0,68
global.js,20,js,9d5ea3ef,zohasan123,2025-01-31,09:14:29,-08:00,2025-01-31T09:14:29-08:00,0,62
global.js,21,js,9d5ea3ef,zohasan123,2025-01-31,09:14:29,-08:00,2025-01-31T09:14:29-08:00,0,4
global.js,22,js,920cbf9e,zohasan123,2025-01-30,12:15:10,-08:00,2025-01-30T12:15:10-08:00,0,0
global.js,23,js,920cbf9e,zohasan123,2025-01-30,12:15:10,-08:00,2025-01-30T12:15:10-08:00,0,0
global.js,24,js,6922ab95,zohasan123,2025-01-31,14:14:44,-08:00,2025-01-31T14:14:44-08:00,0,15
global.js,25,js,6922ab95,zohasan123,2025-01-31,14:14:44,-08:00,2025-01-31T14:14:44-08:00,0,48
global.js,26,js,6922ab95,zohasan123,2025-01-31,14:14:44,-08:00,2025-01-31T14:14:44-08:00,0,61
global.js,27,js,6922ab95,zohasan123,2025-01-31,14:14:44,-08:00,2025-01-31T14:14:44-08:00,0,57
global.js,28,js,6922ab95,zohasan123,2025-01-31,14:14:44,-08:00,2025-01-31T14:14:44-08:00,0,61
global.js,29,js,6922ab95,zohasan123,2025-01-31,14:14:44,-08:00,2025-01-31T14:14:44-08:00,0,64
global.js,30,js,6922ab95,zohasan123,2025-01-31,14:14:44,-08:00,2025-01-31T14:14:44-08:00,0,6
global.js,31,js,6922ab95,zohasan123,2025-01-31,14:14:44,-08:00,2025-01-31T14:14:44-08:00,0,0
global.js,32,js,9d5ea3ef,zohasan123,2025-01-31,09:14:29,-08:00,2025-01-31T09:14:29-08:00,0,12
global.js,33,js,6922ab95,zohasan123,2025-01-31,14:14:44,-08:00,2025-01-31T14:14:44-08:00,0,36
global.js,34,js,6922ab95,zohasan123,2025-01-31,14:14:44,-08:00,2025-01-31T14:14:44-08:00,0,49
global.js,35,js,6922ab95,zohasan123,2025-01-31,14:14:44,-08:00,2025-01-31T14:14:44-08:00,0,45
global.js,36,js,6922ab95,zohasan123,2025-01-31,14:14:44,-08:00,2025-01-31T14:14:44-08:00,0,49
global.js,37,js,00000000,Not Committed Yet,2025-03-07,19:15:42,-08:00,2025-03-07T19:15:42-08:00,0,41
global.js,38,js,6922ab95,zohasan123,2025-01-31,14:14:44,-08:00,2025-01-31T14:14:44-08:00,0,57
global.js,39,js,6922ab95,zohasan123,2025-01-31,14:14:44,-08:00,2025-01-31T14:14:44-08:00,0,1
global.js,40,js,6922ab95,zohasan123,2025-01-31,14:14:44,-08:00,2025-01-31T14:14:44-08:00,0,0
global.js,41,js,710482f4,zohasan123,2025-01-24,22:15:08,-08:00,2025-01-24T22:15:08-08:00,0,49
global.js,42,js,710482f4,zohasan123,2025-01-24,22:15:08,-08:00,2025-01-24T22:15:08-08:00,0,39
global.js,43,js,710482f4,zohasan123,2025-01-24,22:15:08,-08:00,2025-01-24T22:15:08-08:00,0,26
global.js,44,js,710482f4,zohasan123,2025-01-24,22:15:08,-08:00,2025-01-24T22:15:08-08:00,0,0
global.js,45,js,710482f4,zohasan123,2025-01-24,22:15:08,-08:00,2025-01-24T22:15:08-08:00,0,33
global.js,46,js,710482f4,zohasan123,2025-01-24,22:15:08,-08:00,2025-01-24T22:15:08-08:00,0,71
global.js,47,js,710482f4,zohasan123,2025-01-24,22:15:08,-08:00,2025-01-24T22:15:08-08:00,0,0
global.js,48,js,710482f4,zohasan123,2025-01-24,22:15:08,-08:00,2025-01-24T22:15:08-08:00,0,59
global.js,49,js,710482f4,zohasan123,2025-01-24,22:15:08,-08:00,2025-01-24T22:15:08-08:00,0,21
global.js,50,js,710482f4,zohasan123,2025-01-24,22:15:08,-08:00,2025-01-24T22:15:08-08:00,0,60
global.js,51,js,710482f4,zohasan123,2025-01-24,22:15:08,-08:00,2025-01-24T22:15:08-08:00,0,75
global.js,52,js,710482f4,zohasan123,2025-01-24,22:15:08,-08:00,2025-01-24T22:15:08-08:00,0,19
global.js,53,js,710482f4,zohasan123,2025-01-24,22:15:08,-08:00,2025-01-24T22:15:08-08:00,0,0
global.js,54,js,710482f4,zohasan123,2025-01-24,22:15:08,-08:00,2025-01-24T22:15:08-08:00,0,23
global.js,55,js,710482f4,zohasan123,2025-01-24,22:15:08,-08:00,2025-01-24T22:15:08-08:00,0,35
global.js,56,js,710482f4,zohasan123,2025-01-24,22:15:08,-08:00,2025-01-24T22:15:08-08:00,0,38
global.js,57,js,710482f4,zohasan123,2025-01-24,22:15:08,-08:00,2025-01-24T22:15:08-08:00,0,42
global.js,58,js,710482f4,zohasan123,2025-01-24,22:15:08,-08:00,2025-01-24T22:15:08-08:00,0,0
global.js,59,js,710482f4,zohasan123,2025-01-24,22:15:08,-08:00,2025-01-24T22:15:08-08:00,0,28
global.js,60,js,11ca26da,zohasan123,2025-01-31,08:56:51,-08:00,2025-01-31T08:56:51-08:00,0,55
global.js,61,js,11ca26da,zohasan123,2025-01-31,08:56:51,-08:00,2025-01-31T08:56:51-08:00,0,26
global.js,62,js,11ca26da,zohasan123,2025-01-31,08:56:51,-08:00,2025-01-31T08:56:51-08:00,0,0
global.js,63,js,710482f4,zohasan123,2025-01-24,22:15:08,-08:00,2025-01-24T22:15:08-08:00,0,0
global.js,64,js,710482f4,zohasan123,2025-01-24,22:15:08,-08:00,2025-01-24T22:15:08-08:00,0,34
global.js,65,js,11ca26da,zohasan123,2025-01-31,08:56:51,-08:00,2025-01-31T08:56:51-08:00,0,30
global.js,66,js,11ca26da,zohasan123,2025-01-31,08:56:51,-08:00,2025-01-31T08:56:51-08:00,0,19
global.js,67,js,11ca26da,zohasan123,2025-01-31,08:56:51,-08:00,2025-01-31T08:56:51-08:00,0,0
global.js,68,js,710482f4,zohasan123,2025-01-24,22:15:08,-08:00,2025-01-24T22:15:08-08:00,0,0
global.js,69,js,710482f4,zohasan123,2025-01-24,22:15:08,-08:00,2025-01-24T22:15:08-08:00,0,30
global.js,70,js,710482f4,zohasan123,2025-01-24,22:15:08,-08:00,2025-01-24T22:15:08-08:00,0,13
global.js,71,js,710482f4,zohasan123,2025-01-24,22:15:08,-08:00,2025-01-24T22:15:08-08:00,0,0
global.js,72,js,710482f4,zohasan123,2025-01-24,22:15:08,-08:00,2025-01-24T22:15:08-08:00,0,0
global.js,73,js,710482f4,zohasan123,2025-01-24,22:15:08,-08:00,2025-01-24T22:15:08-08:00,0,32
global.js,74,js,710482f4,zohasan123,2025-01-24,22:15:08,-08:00,2025-01-24T22:15:08-08:00,0,12
global.js,75,js,710482f4,zohasan123,2025-01-24,22:15:08,-08:00,2025-01-24T22:15:08-08:00,0,0
global.js,76,js,710482f4,zohasan123,2025-01-24,22:15:08,-08:00,2025-01-24T22:15:08-08:00,0,27
global.js,77,js,710482f4,zohasan123,2025-01-24,22:15:08,-08:00,2025-01-24T22:15:08-08:00,0,5
global.js,78,js,710482f4,zohasan123,2025-01-24,22:15:08,-08:00,2025-01-24T22:15:08-08:00,0,25
global.js,79,js,710482f4,zohasan123,2025-01-24,22:15:08,-08:00,2025-01-24T22:15:08-08:00,0,44
global.js,80,js,710482f4,zohasan123,2025-01-24,22:15:08,-08:00,2025-01-24T22:15:08-08:00,0,35
global.js,81,js,710482f4,zohasan123,2025-01-24,22:15:08,-08:00,2025-01-24T22:15:08-08:00,0,33
global.js,82,js,710482f4,zohasan123,2025-01-24,22:15:08,-08:00,2025-01-24T22:15:08-08:00,0,8
global.js,83,js,710482f4,zohasan123,2025-01-24,22:15:08,-08:00,2025-01-24T22:15:08-08:00,0,7
global.js,84,js,710482f4,zohasan123,2025-01-24,22:15:08,-08:00,2025-01-24T22:15:08-08:00,0,0
global.js,85,js,710482f4,zohasan123,2025-01-24,22:15:08,-08:00,2025-01-24T22:15:08-08:00,0,1
global.js,86,js,710482f4,zohasan123,2025-01-24,22:15:08,-08:00,2025-01-24T22:15:08-08:00,0,61
global.js,87,js,710482f4,zohasan123,2025-01-24,22:15:08,-08:00,2025-01-24T22:15:08-08:00,0,0
global.js,88,js,710482f4,zohasan123,2025-01-24,22:15:08,-08:00,2025-01-24T22:15:08-08:00,0,34
global.js,89,js,710482f4,zohasan123,2025-01-24,22:15:08,-08:00,2025-01-24T22:15:08-08:00,0,42
global.js,90,js,710482f4,zohasan123,2025-01-24,22:15:08,-08:00,2025-01-24T22:15:08-08:00,0,71
global.js,91,js,710482f4,zohasan123,2025-01-24,22:15:08,-08:00,2025-01-24T22:15:08-08:00,0,38
global.js,92,js,710482f4,zohasan123,2025-01-24,22:15:08,-08:00,2025-01-24T22:15:08-08:00,0,38
global.js,93,js,710482f4,zohasan123,2025-01-24,22:15:08,-08:00,2025-01-24T22:15:08-08:00,0,26
global.js,94,js,710482f4,zohasan123,2025-01-24,22:15:08,-08:00,2025-01-24T22:15:08-08:00,0,0
global.js,95,js,710482f4,zohasan123,2025-01-24,22:15:08,-08:00,2025-01-24T22:15:08-08:00,0,0
global.js,96,js,710482f4,zohasan123,2025-01-24,22:15:08,-08:00,2025-01-24T22:15:08-08:00,0,76
global.js,97,js,710482f4,zohasan123,2025-01-24,22:15:08,-08:00,2025-01-24T22:15:08-08:00,0,50
global.js,98,js,710482f4,zohasan123,2025-01-24,22:15:08,-08:00,2025-01-24T22:15:08-08:00,0,34
global.js,99,js,710482f4,zohasan123,2025-01-24,22:15:08,-08:00,2025-01-24T22:15:08-08:00,0,59
global.js,100,js,710482f4,zohasan123,2025-01-24,22:15:08,-08:00,2025-01-24T22:15:08-08:00,0,2
global.js,101,js,710482f4,zohasan123,2025-01-24,22:15:08,-08:00,2025-01-24T22:15:08-08:00,0,0
global.js,102,js,710482f4,zohasan123,2025-01-24,22:15:08,-08:00,2025-01-24T22:15:08-08:00,0,35
global.js,103,js,710482f4,zohasan123,2025-01-24,22:15:08,-08:00,2025-01-24T22:15:08-08:00,0,37
global.js,104,js,710482f4,zohasan123,2025-01-24,22:15:08,-08:00,2025-01-24T22:15:08-08:00,0,7
global.js,105,js,710482f4,zohasan123,2025-01-24,22:15:08,-08:00,2025-01-24T22:15:08-08:00,0,25
global.js,106,js,16acdf4c,zohasan123,2025-01-31,11:15:56,-08:00,2025-01-31T11:15:56-08:00,0,0
global.js,107,js,16acdf4c,zohasan123,2025-01-31,11:15:56,-08:00,2025-01-31T11:15:56-08:00,0,0
global.js,108,js,16acdf4c,zohasan123,2025-01-31,11:15:56,-08:00,2025-01-31T11:15:56-08:00,0,0
global.js,109,js,eb3c1a5c,zohasan123,2025-02-01,13:58:20,-08:00,2025-02-01T13:58:20-08:00,0,48
global.js,110,js,7c591250,zohasan123,2025-02-01,13:55:30,-08:00,2025-02-01T13:55:30-08:00,0,60
global.js,111,js,7c591250,zohasan123,2025-02-01,13:55:30,-08:00,2025-02-01T13:55:30-08:00,0,0
global.js,112,js,bc7d583d,zohasan123,2025-01-31,11:52:22,-08:00,2025-01-31T11:52:22-08:00,0,0
global.js,113,js,c0a2673c,zohasan123,2025-01-31,12:27:39,-08:00,2025-01-31T12:27:39-08:00,0,37
global.js,114,js,c0a2673c,zohasan123,2025-01-31,12:27:39,-08:00,2025-01-31T12:27:39-08:00,0,4
global.js,115,js,c0a2673c,zohasan123,2025-01-31,12:27:39,-08:00,2025-01-31T12:27:39-08:00,0,33
global.js,116,js,c0a2673c,zohasan123,2025-01-31,12:27:39,-08:00,2025-01-31T12:27:39-08:00,0,75
global.js,117,js,c0a2673c,zohasan123,2025-01-31,12:27:39,-08:00,2025-01-31T12:27:39-08:00,0,0
global.js,118,js,c0a2673c,zohasan123,2025-01-31,12:27:39,-08:00,2025-01-31T12:27:39-08:00,0,18
global.js,119,js,c0a2673c,zohasan123,2025-01-31,12:27:39,-08:00,2025-01-31T12:27:39-08:00,0,67
global.js,120,js,c0a2673c,zohasan123,2025-01-31,12:27:39,-08:00,2025-01-31T12:27:39-08:00,0,0
global.js,121,js,c0a2673c,zohasan123,2025-01-31,12:27:39,-08:00,2025-01-31T12:27:39-08:00,0,0
global.js,122,js,c0a2673c,zohasan123,2025-01-31,12:27:39,-08:00,2025-01-31T12:27:39-08:00,0,56
global.js,123,js,c0a2673c,zohasan123,2025-01-31,12:27:39,-08:00,2025-01-31T12:27:39-08:00,0,11
global.js,124,js,c0a2673c,zohasan123,2025-01-31,12:27:39,-08:00,2025-01-31T12:27:39-08:00,0,0
global.js,125,js,c0a2673c,zohasan123,2025-01-31,12:27:39,-08:00,2025-01-31T12:27:39-08:00,0,16
global.js,126,js,c0a2673c,zohasan123,2025-01-31,12:27:39,-08:00,2025-01-31T12:27:39-08:00,0,60
global.js,127,js,c0a2673c,zohasan123,2025-01-31,12:27:39,-08:00,2025-01-31T12:27:39-08:00,0,0
global.js,128,js,16acdf4c,zohasan123,2025-01-31,11:15:56,-08:00,2025-01-31T11:15:56-08:00,0,0
global.js,129,js,16acdf4c,zohasan123,2025-01-31,11:15:56,-08:00,2025-01-31T11:15:56-08:00,0,0
global.js,130,js,bc7d583d,zohasan123,2025-01-31,11:52:22,-08:00,2025-01-31T11:52:22-08:00,0,0
global.js,131,js,bc7d583d,zohasan123,2025-01-31,11:52:22,-08:00,2025-01-31T11:52:22-08:00,0,79
global.js,132,js,bc7d583d,zohasan123,2025-01-31,11:52:22,-08:00,2025-01-31T11:52:22-08:00,0,53
global.js,133,js,16acdf4c,zohasan123,2025-01-31,11:15:56,-08:00,2025-01-31T11:15:56-08:00,0,31
global.js,134,js,67dba6e3,zohasan123,2025-01-31,14:25:54,-08:00,2025-01-31T14:25:54-08:00,0,20
global.js,135,js,16acdf4c,zohasan123,2025-01-31,11:15:56,-08:00,2025-01-31T11:15:56-08:00,0,0
global.js,136,js,bc7d583d,zohasan123,2025-01-31,11:52:22,-08:00,2025-01-31T11:52:22-08:00,0,65
global.js,137,js,bc7d583d,zohasan123,2025-01-31,11:52:22,-08:00,2025-01-31T11:52:22-08:00,0,30
global.js,138,js,bc7d583d,zohasan123,2025-01-31,11:52:22,-08:00,2025-01-31T11:52:22-08:00,0,62
global.js,139,js,16acdf4c,zohasan123,2025-01-31,11:15:56,-08:00,2025-01-31T11:15:56-08:00,0,49
global.js,140,js,16acdf4c,zohasan123,2025-01-31,11:15:56,-08:00,2025-01-31T11:15:56-08:00,0,0
global.js,141,js,bc7d583d,zohasan123,2025-01-31,11:52:22,-08:00,2025-01-31T11:52:22-08:00,0,58
global.js,142,js,bc7d583d,zohasan123,2025-01-31,11:52:22,-08:00,2025-01-31T11:52:22-08:00,0,52
global.js,143,js,bc7d583d,zohasan123,2025-01-31,11:52:22,-08:00,2025-01-31T11:52:22-08:00,0,35
global.js,144,js,16acdf4c,zohasan123,2025-01-31,11:15:56,-08:00,2025-01-31T11:15:56-08:00,0,0
global.js,145,js,b3629bbf,zohasan123,2025-02-07,15:08:39,-08:00,2025-02-07T15:08:39-08:00,0,47
global.js,146,js,b3629bbf,zohasan123,2025-02-07,15:08:39,-08:00,2025-02-07T15:08:39-08:00,0,23
global.js,147,js,b3629bbf,zohasan123,2025-02-07,15:08:39,-08:00,2025-02-07T15:08:39-08:00,0,60
global.js,148,js,b3629bbf,zohasan123,2025-02-07,15:08:39,-08:00,2025-02-07T15:08:39-08:00,0,57
global.js,149,js,b3629bbf,zohasan123,2025-02-07,15:08:39,-08:00,2025-02-07T15:08:39-08:00,0,35
global.js,150,js,b3629bbf,zohasan123,2025-02-07,15:08:39,-08:00,2025-02-07T15:08:39-08:00,0,4
global.js,151,js,b3629bbf,zohasan123,2025-02-07,15:08:39,-08:00,2025-02-07T15:08:39-08:00,0,0
global.js,152,js,b3629bbf,zohasan123,2025-02-07,15:08:39,-08:00,2025-02-07T15:08:39-08:00,0,0
global.js,153,js,16acdf4c,zohasan123,2025-01-31,11:15:56,-08:00,2025-01-31T11:15:56-08:00,0,20
global.js,154,js,b3629bbf,zohasan123,2025-02-07,15:08:39,-08:00,2025-02-07T15:08:39-08:00,0,53
global.js,155,js,b3629bbf,zohasan123,2025-02-07,15:08:39,-08:00,2025-02-07T15:08:39-08:00,0,50
global.js,156,js,b3629bbf,zohasan123,2025-02-07,15:08:39,-08:00,2025-02-07T15:08:39-08:00,0,28
global.js,157,js,16acdf4c,zohasan123,2025-01-31,11:15:56,-08:00,2025-01-31T11:15:56-08:00,0,28
global.js,158,js,b3629bbf,zohasan123,2025-02-07,15:08:39,-08:00,2025-02-07T15:08:39-08:00,0,65
global.js,159,js,b3629bbf,zohasan123,2025-02-07,15:08:39,-08:00,2025-02-07T15:08:39-08:00,0,5
global.js,160,js,16acdf4c,zohasan123,2025-01-31,11:15:56,-08:00,2025-01-31T11:15:56-08:00,0,1
global.js,161,js,16acdf4c,zohasan123,2025-01-31,11:15:56,-08:00,2025-01-31T11:15:56-08:00,0,0
global.js,162,js,16acdf4c,zohasan123,2025-01-31,11:15:56,-08:00,2025-01-31T11:15:56-08:00,0,45
global.js,163,js,16acdf4c,zohasan123,2025-01-31,11:15:56,-08:00,2025-01-31T11:15:56-08:00,0,37
global.js,164,js,bc7d583d,zohasan123,2025-01-31,11:52:22,-08:00,2025-01-31T11:52:22-08:00,0,0
global.js,165,js,bc7d583d,zohasan123,2025-01-31,11:52:22,-08:00,2025-01-31T11:52:22-08:00,0,0
resume/index.html,1,html,57aba01,zohasan123,2025-01-21,12:43:15,-08:00,2025-01-21T12:43:15-08:00,0,14
resume/index.html,2,html,57aba01,zohasan123,2025-01-21,12:43:15,-08:00,2025-01-21T12:43:15-08:00,0,15
resume/index.html,3,html,57aba01,zohasan123,2025-01-21,12:43:15,-08:00,2025-01-21T12:43:15-08:00,0,5
resume/index.html,4,html,57aba01,zohasan123,2025-01-21,12:43:15,-08:00,2025-01-21T12:43:15-08:00,0,21
resume/index.html,5,html,57aba01,zohasan123,2025-01-21,12:43:15,-08:00,2025-01-21T12:43:15-08:00,0,69
resume/index.html,6,html,57aba01,zohasan123,2025-01-21,12:43:15,-08:00,2025-01-21T12:43:15-08:00,0,33
resume/index.html,7,html,710482f4,zohasan123,2025-01-24,22:15:08,-08:00,2025-01-24T22:15:08-08:00,0,42
resume/index.html,8,html,11ca26da,zohasan123,2025-01-31,08:56:51,-08:00,2025-01-31T08:56:51-08:00,0,49
resume/index.html,9,html,57aba01,zohasan123,2025-01-21,12:43:15,-08:00,2025-01-21T12:43:15-08:00,0,6
resume/index.html,10,html,57aba01,zohasan123,2025-01-21,12:43:15,-08:00,2025-01-21T12:43:15-08:00,0,5
resume/index.html,11,html,710482f4,zohasan123,2025-01-24,22:15:08,-08:00,2025-01-24T22:15:08-08:00,0,0
resume/index.html,12,html,57aba01,zohasan123,2025-01-21,12:43:15,-08:00,2025-01-21T12:43:15-08:00,0,0
resume/index.html,13,html,57aba01,zohasan123,2025-01-21,12:43:15,-08:00,2025-01-21T12:43:15-08:00,0,14
resume/index.html,14,html,57aba01,zohasan123,2025-01-21,12:43:15,-08:00,2025-01-21T12:43:15-08:00,0,0
resume/index.html,15,html,57aba01,zohasan123,2025-01-21,12:43:15,-08:00,2025-01-21T12:43:15-08:00,0,8
resume/index.html,16,html,57aba01,zohasan123,2025-01-21,12:43:15,-08:00,2025-01-21T12:43:15-08:00,0,15
resume/index.html,17,html,57aba01,zohasan123,2025-01-21,12:43:15,-08:00,2025-01-21T12:43:15-08:00,0,83
resume/index.html,18,html,57aba01,zohasan123,2025-01-21,12:43:15,-08:00,2025-01-21T12:43:15-08:00,0,113
resume/index.html,19,html,57aba01,zohasan123,2025-01-21,12:43:15,-08:00,2025-01-21T12:43:15-08:00,0,27
resume/index.html,20,html,57aba01,zohasan123,2025-01-21,12:43:15,-08:00,2025-01-21T12:43:15-08:00,0,27
resume/index.html,21,html,57aba01,zohasan123,2025-01-21,12:43:15,-08:00,2025-01-21T12:43:15-08:00,0,9
resume/index.html,22,html,57aba01,zohasan123,2025-01-21,12:43:15,-08:00,2025-01-21T12:43:15-08:00,0,0
resume/index.html,23,html,57aba01,zohasan123,2025-01-21,12:43:15,-08:00,2025-01-21T12:43:15-08:00,0,8
resume/index.html,24,html,57aba01,zohasan123,2025-01-21,12:43:15,-08:00,2025-01-21T12:43:15-08:00,0,17
resume/index.html,25,html,57aba01,zohasan123,2025-01-21,12:43:15,-08:00,2025-01-21T12:43:15-08:00,0,8
resume/index.html,26,html,57aba01,zohasan123,2025-01-21,12:43:15,-08:00,2025-01-21T12:43:15-08:00,0,43
resume/index.html,27,html,57aba01,zohasan123,2025-01-21,12:43:15,-08:00,2025-01-21T12:43:15-08:00,0,18
resume/index.html,28,html,57aba01,zohasan123,2025-01-21,12:43:15,-08:00,2025-01-21T12:43:15-08:00,0,43
resume/index.html,29,html,57aba01,zohasan123,2025-01-21,12:43:15,-08:00,2025-01-21T12:43:15-08:00,0,3
resume/index.html,30,html,57aba01,zohasan123,2025-01-21,12:43:15,-08:00,2025-01-21T12:43:15-08:00,0,43
resume/index.html,31,html,57aba01,zohasan123,2025-01-21,12:43:15,-08:00,2025-01-21T12:43:15-08:00,0,46
resume/index.html,32,html,57aba01,zohasan123,2025-01-21,12:43:15,-08:00,2025-01-21T12:43:15-08:00,0,39
resume/index.html,33,html,57aba01,zohasan123,2025-01-21,12:43:15,-08:00,2025-01-21T12:43:15-08:00,0,93
resume/index.html,34,html,57aba01,zohasan123,2025-01-21,12:43:15,-08:00,2025-01-21T12:43:15-08:00,0,83
resume/index.html,35,html,57aba01,zohasan123,2025-01-21,12:43:15,-08:00,2025-01-21T12:43:15-08:00,0,4
resume/index.html,36,html,57aba01,zohasan123,2025-01-21,12:43:15,-08:00,2025-01-21T12:43:15-08:00,0,9
resume/index.html,37,html,57aba01,zohasan123,2025-01-21,12:43:15,-08:00,2025-01-21T12:43:15-08:00,0,9
resume/index.html,38,html,57aba01,zohasan123,2025-01-21,12:43:15,-08:00,2025-01-21T12:43:15-08:00,0,0
resume/index.html,39,html,57aba01,zohasan123,2025-01-21,12:43:15,-08:00,2025-01-21T12:43:15-08:00,0,8
resume/index.html,40,html,57aba01,zohasan123,2025-01-21,12:43:15,-08:00,2025-01-21T12:43:15-08:00,0,31
resume/index.html,41,html,57aba01,zohasan123,2025-01-21,12:43:15,-08:00,2025-01-21T12:43:15-08:00,0,8
resume/index.html,42,html,57aba01,zohasan123,2025-01-21,12:43:15,-08:00,2025-01-21T12:43:15-08:00,0,38
resume/index.html,43,html,57aba01,zohasan123,2025-01-21,12:43:15,-08:00,2025-01-21T12:43:15-08:00,0,25
resume/index.html,44,html,57aba01,zohasan123,2025-01-21,12:43:15,-08:00,2025-01-21T12:43:15-08:00,0,38
resume/index.html,45,html,57aba01,zohasan123,2025-01-21,12:43:15,-08:00,2025-01-21T12:43:15-08:00,0,3
resume/index.html,46,html,57aba01,zohasan123,2025-01-21,12:43:15,-08:00,2025-01-21T12:43:15-08:00,0,113
resume/index.html,47,html,57aba01,zohasan123,2025-01-21,12:43:15,-08:00,2025-01-21T12:43:15-08:00,0,85
resume/index.html,48,html,57aba01,zohasan123,2025-01-21,12:43:15,-08:00,2025-01-21T12:43:15-08:00,0,100
resume/index.html,49,html,57aba01,zohasan123,2025-01-21,12:43:15,-08:00,2025-01-21T12:43:15-08:00,0,4
resume/index.html,50,html,57aba01,zohasan123,2025-01-21,12:43:15,-08:00,2025-01-21T12:43:15-08:00,0,9
resume/index.html,51,html,57aba01,zohasan123,2025-01-21,12:43:15,-08:00,2025-01-21T12:43:15-08:00,0,8
resume/index.html,52,html,57aba01,zohasan123,2025-01-21,12:43:15,-08:00,2025-01-21T12:43:15-08:00,0,38
resume/index.html,53,html,57aba01,zohasan123,2025-01-21,12:43:15,-08:00,2025-01-21T12:43:15-08:00,0,33
resume/index.html,54,html,57aba01,zohasan123,2025-01-21,12:43:15,-08:00,2025-01-21T12:43:15-08:00,0,38
resume/index.html,55,html,57aba01,zohasan123,2025-01-21,12:43:15,-08:00,2025-01-21T12:43:15-08:00,0,3
resume/index.html,56,html,57aba01,zohasan123,2025-01-21,12:43:15,-08:00,2025-01-21T12:43:15-08:00,0,103
resume/index.html,57,html,57aba01,zohasan123,2025-01-21,12:43:15,-08:00,2025-01-21T12:43:15-08:00,0,94
resume/index.html,58,html,57aba01,zohasan123,2025-01-21,12:43:15,-08:00,2025-01-21T12:43:15-08:00,0,92
resume/index.html,59,html,57aba01,zohasan123,2025-01-21,12:43:15,-08:00,2025-01-21T12:43:15-08:00,0,4
resume/index.html,60,html,57aba01,zohasan123,2025-01-21,12:43:15,-08:00,2025-01-21T12:43:15-08:00,0,9
resume/index.html,61,html,57aba01,zohasan123,2025-01-21,12:43:15,-08:00,2025-01-21T12:43:15-08:00,0,9
resume/index.html,62,html,57aba01,zohasan123,2025-01-21,12:43:15,-08:00,2025-01-21T12:43:15-08:00,0,0
resume/index.html,63,html,57aba01,zohasan123,2025-01-21,12:43:15,-08:00,2025-01-21T12:43:15-08:00,0,8
resume/index.html,64,html,57aba01,zohasan123,2025-01-21,12:43:15,-08:00,2025-01-21T12:43:15-08:00,0,26
resume/index.html,65,html,57aba01,zohasan123,2025-01-21,12:43:15,-08:00,2025-01-21T12:43:15-08:00,0,8
resume/index.html,66,html,57aba01,zohasan123,2025-01-21,12:43:15,-08:00,2025-01-21T12:43:15-08:00,0,65
resume/index.html,67,html,57aba01,zohasan123,2025-01-21,12:43:15,-08:00,2025-01-21T12:43:15-08:00,0,24
resume/index.html,68,html,57aba01,zohasan123,2025-01-21,12:43:15,-08:00,2025-01-21T12:43:15-08:00,0,3
resume/index.html,69,html,57aba01,zohasan123,2025-01-21,12:43:15,-08:00,2025-01-21T12:43:15-08:00,0,137
resume/index.html,70,html,57aba01,zohasan123,2025-01-21,12:43:15,-08:00,2025-01-21T12:43:15-08:00,0,104
resume/index.html,71,html,57aba01,zohasan123,2025-01-21,12:43:15,-08:00,2025-01-21T12:43:15-08:00,0,4
resume/index.html,72,html,57aba01,zohasan123,2025-01-21,12:43:15,-08:00,2025-01-21T12:43:15-08:00,0,9
resume/index.html,73,html,57aba01,zohasan123,2025-01-21,12:43:15,-08:00,2025-01-21T12:43:15-08:00,0,8
resume/index.html,74,html,57aba01,zohasan123,2025-01-21,12:43:15,-08:00,2025-01-21T12:43:15-08:00,0,47
resume/index.html,75,html,57aba01,zohasan123,2025-01-21,12:43:15,-08:00,2025-01-21T12:43:15-08:00,0,32
resume/index.html,76,html,57aba01,zohasan123,2025-01-21,12:43:15,-08:00,2025-01-21T12:43:15-08:00,0,3
resume/index.html,77,html,57aba01,zohasan123,2025-01-21,12:43:15,-08:00,2025-01-21T12:43:15-08:00,0,94
resume/index.html,78,html,57aba01,zohasan123,2025-01-21,12:43:15,-08:00,2025-01-21T12:43:15-08:00,0,99
resume/index.html,79,html,57aba01,zohasan123,2025-01-21,12:43:15,-08:00,2025-01-21T12:43:15-08:00,0,4
resume/index.html,80,html,57aba01,zohasan123,2025-01-21,12:43:15,-08:00,2025-01-21T12:43:15-08:00,0,9
resume/index.html,81,html,57aba01,zohasan123,2025-01-21,12:43:15,-08:00,2025-01-21T12:43:15-08:00,0,9
resume/index.html,82,html,57aba01,zohasan123,2025-01-21,12:43:15,-08:00,2025-01-21T12:43:15-08:00,0,0
resume/index.html,83,html,57aba01,zohasan123,2025-01-21,12:43:15,-08:00,2025-01-21T12:43:15-08:00,0,8
resume/index.html,84,html,57aba01,zohasan123,2025-01-21,12:43:15,-08:00,2025-01-21T12:43:15-08:00,0,29
resume/index.html,85,html,57aba01,zohasan123,2025-01-21,12:43:15,-08:00,2025-01-21T12:43:15-08:00,0,8
resume/index.html,86,html,57aba01,zohasan123,2025-01-21,12:43:15,-08:00,2025-01-21T12:43:15-08:00,0,57
resume/index.html,87,html,57aba01,zohasan123,2025-01-21,12:43:15,-08:00,2025-01-21T12:43:15-08:00,0,33
resume/index.html,88,html,57aba01,zohasan123,2025-01-21,12:43:15,-08:00,2025-01-21T12:43:15-08:00,0,3
resume/index.html,89,html,57aba01,zohasan123,2025-01-21,12:43:15,-08:00,2025-01-21T12:43:15-08:00,0,88
resume/index.html,90,html,57aba01,zohasan123,2025-01-21,12:43:15,-08:00,2025-01-21T12:43:15-08:00,0,4
resume/index.html,91,html,57aba01,zohasan123,2025-01-21,12:43:15,-08:00,2025-01-21T12:43:15-08:00,0,9
resume/index.html,92,html,57aba01,zohasan123,2025-01-21,12:43:15,-08:00,2025-01-21T12:43:15-08:00,0,8
resume/index.html,93,html,57aba01,zohasan123,2025-01-21,12:43:15,-08:00,2025-01-21T12:43:15-08:00,0,25
resume/index.html,94,html,57aba01,zohasan123,2025-01-21,12:43:15,-08:00,2025-01-21T12:43:15-08:00,0,34
resume/index.html,95,html,57aba01,zohasan123,2025-01-21,12:43:15,-08:00,2025-01-21T12:43:15-08:00,0,3
resume/index.html,96,html,57aba01,zohasan123,2025-01-21,12:43:15,-08:00,2025-01-21T12:43:15-08:00,0,88
resume/index.html,97,html,57aba01,zohasan123,2025-01-21,12:43:15,-08:00,2025-01-21T12:43:15-08:00,0,4
resume/index.html,98,html,57aba01,zohasan123,2025-01-21,12:43:15,-08:00,2025-01-21T12:43:15-08:00,0,9
resume/index.html,99,html,57aba01,zohasan123,2025-01-21,12:43:15,-08:00,2025-01-21T12:43:15-08:00,0,9
resume/index.html,100,html,57aba01,zohasan123,2025-01-21,12:43:15,-08:00,2025-01-21T12:43:15-08:00,0,0
resume/index.html,101,html,57aba01,zohasan123,2025-01-21,12:43:15,-08:00,2025-01-21T12:43:15-08:00,0,8
resume/index.html,102,html,57aba01,zohasan123,2025-01-21,12:43:15,-08:00,2025-01-21T12:43:15-08:00,0,14
resume/index.html,103,html,57aba01,zohasan123,2025-01-21,12:43:15,-08:00,2025-01-21T12:43:15-08:00,0,3
resume/index.html,104,html,57aba01,zohasan123,2025-01-21,12:43:15,-08:00,2025-01-21T12:43:15-08:00,0,42
resume/index.html,105,html,57aba01,zohasan123,2025-01-21,12:43:15,-08:00,2025-01-21T12:43:15-08:00,0,51
resume/index.html,106,html,57aba01,zohasan123,2025-01-21,12:43:15,-08:00,2025-01-21T12:43:15-08:00,0,50
resume/index.html,107,html,57aba01,zohasan123,2025-01-21,12:43:15,-08:00,2025-01-21T12:43:15-08:00,0,4
resume/index.html,108,html,57aba01,zohasan123,2025-01-21,12:43:15,-08:00,2025-01-21T12:43:15-08:00,0,9
resume/index.html,109,html,57aba01,zohasan123,2025-01-21,12:43:15,-08:00,2025-01-21T12:43:15-08:00,0,6
resume/index.html,110,html,57aba01,zohasan123,2025-01-21,12:43:15,-08:00,2025-01-21T12:43:15-08:00,0,6
projects/projects.js,1,js,b36bbe73,zohasan123,2025-02-08,01:31:44,-08:00,2025-02-08T01:31:44-08:00,0,31
projects/projects.js,2,js,b36bbe73,zohasan123,2025-02-08,01:31:44,-08:00,2025-02-08T01:31:44-08:00,0,56
projects/projects.js,3,js,b36bbe73,zohasan123,2025-02-08,01:31:44,-08:00,2025-02-08T01:31:44-08:00,0,64
projects/projects.js,4,js,b36bbe73,zohasan123,2025-02-08,01:31:44,-08:00,2025-02-08T01:31:44-08:00,0,0
projects/projects.js,5,js,b36bbe73,zohasan123,2025-02-08,01:31:44,-08:00,2025-02-08T01:31:44-08:00,0,80
projects/projects.js,6,js,b36bbe73,zohasan123,2025-02-08,01:31:44,-08:00,2025-02-08T01:31:44-08:00,0,22
projects/projects.js,7,js,b36bbe73,zohasan123,2025-02-08,01:31:44,-08:00,2025-02-08T01:31:44-08:00,0,0
projects/projects.js,8,js,b36bbe73,zohasan123,2025-02-08,01:31:44,-08:00,2025-02-08T01:31:44-08:00,0,79
projects/projects.js,9,js,b36bbe73,zohasan123,2025-02-08,01:31:44,-08:00,2025-02-08T01:31:44-08:00,0,22
projects/projects.js,10,js,b36bbe73,zohasan123,2025-02-08,01:31:44,-08:00,2025-02-08T01:31:44-08:00,0,0
projects/projects.js,11,js,b36bbe73,zohasan123,2025-02-08,01:31:44,-08:00,2025-02-08T01:31:44-08:00,0,40
projects/projects.js,12,js,b36bbe73,zohasan123,2025-02-08,01:31:44,-08:00,2025-02-08T01:31:44-08:00,0,81
projects/projects.js,13,js,b36bbe73,zohasan123,2025-02-08,01:31:44,-08:00,2025-02-08T01:31:44-08:00,0,0
projects/projects.js,14,js,b36bbe73,zohasan123,2025-02-08,01:31:44,-08:00,2025-02-08T01:31:44-08:00,0,81
projects/projects.js,15,js,c0a2673c,zohasan123,2025-01-31,12:27:39,-08:00,2025-01-31T12:27:39-08:00,0,61
projects/projects.js,16,js,e3e3a335,zohasan123,2025-01-31,15:08:30,-08:00,2025-01-31T15:08:30-08:00,0,63
projects/projects.js,17,js,b36bbe73,zohasan123,2025-02-08,01:31:44,-08:00,2025-02-08T01:31:44-08:00,0,49
projects/projects.js,18,js,b36bbe73,zohasan123,2025-02-08,01:31:44,-08:00,2025-02-08T01:31:44-08:00,0,57
projects/projects.js,19,js,b36bbe73,zohasan123,2025-02-08,01:31:44,-08:00,2025-02-08T01:31:44-08:00,0,0
projects/projects.js,20,js,36988f0f,zohasan123,2025-02-14,14:21:35,-08:00,2025-02-14T14:21:35-08:00,0,0
projects/projects.js,21,js,b36bbe73,zohasan123,2025-02-08,01:31:44,-08:00,2025-02-08T01:31:44-08:00,0,39
projects/projects.js,22,js,b36bbe73,zohasan123,2025-02-08,01:31:44,-08:00,2025-02-08T01:31:44-08:00,0,49
projects/projects.js,23,js,b36bbe73,zohasan123,2025-02-08,01:31:44,-08:00,2025-02-08T01:31:44-08:00,0,43
projects/projects.js,24,js,b36bbe73,zohasan123,2025-02-08,01:31:44,-08:00,2025-02-08T01:31:44-08:00,0,19
projects/projects.js,25,js,b36bbe73,zohasan123,2025-02-08,01:31:44,-08:00,2025-02-08T01:31:44-08:00,0,15
projects/projects.js,26,js,b36bbe73,zohasan123,2025-02-08,01:31:44,-08:00,2025-02-08T01:31:44-08:00,0,86
projects/projects.js,27,js,b36bbe73,zohasan123,2025-02-08,01:31:44,-08:00,2025-02-08T01:31:44-08:00,0,0
projects/projects.js,28,js,b36bbe73,zohasan123,2025-02-08,01:31:44,-08:00,2025-02-08T01:31:44-08:00,0,58
projects/projects.js,29,js,b36bbe73,zohasan123,2025-02-08,01:31:44,-08:00,2025-02-08T01:31:44-08:00,0,27
projects/projects.js,30,js,b36bbe73,zohasan123,2025-02-08,01:31:44,-08:00,2025-02-08T01:31:44-08:00,0,13
projects/projects.js,31,js,b36bbe73,zohasan123,2025-02-08,01:31:44,-08:00,2025-02-08T01:31:44-08:00,0,15
projects/projects.js,32,js,b36bbe73,zohasan123,2025-02-08,01:31:44,-08:00,2025-02-08T01:31:44-08:00,0,12
projects/projects.js,33,js,b36bbe73,zohasan123,2025-02-08,01:31:44,-08:00,2025-02-08T01:31:44-08:00,0,1
projects/projects.js,34,js,b36bbe73,zohasan123,2025-02-08,01:31:44,-08:00,2025-02-08T01:31:44-08:00,0,0
projects/projects.js,35,js,b36bbe73,zohasan123,2025-02-08,01:31:44,-08:00,2025-02-08T01:31:44-08:00,0,67
projects/projects.js,36,js,b36bbe73,zohasan123,2025-02-08,01:31:44,-08:00,2025-02-08T01:31:44-08:00,0,45
projects/projects.js,37,js,b36bbe73,zohasan123,2025-02-08,01:31:44,-08:00,2025-02-08T01:31:44-08:00,0,36
projects/projects.js,38,js,b36bbe73,zohasan123,2025-02-08,01:31:44,-08:00,2025-02-08T01:31:44-08:00,0,2
projects/projects.js,39,js,b36bbe73,zohasan123,2025-02-08,01:31:44,-08:00,2025-02-08T01:31:44-08:00,0,0
projects/projects.js,40,js,b36bbe73,zohasan123,2025-02-08,01:31:44,-08:00,2025-02-08T01:31:44-08:00,0,56
projects/projects.js,41,js,b36bbe73,zohasan123,2025-02-08,01:31:44,-08:00,2025-02-08T01:31:44-08:00,0,20
projects/projects.js,42,js,b36bbe73,zohasan123,2025-02-08,01:31:44,-08:00,2025-02-08T01:31:44-08:00,0,0
projects/projects.js,43,js,b36bbe73,zohasan123,2025-02-08,01:31:44,-08:00,2025-02-08T01:31:44-08:00,0,26
projects/projects.js,44,js,b36bbe73,zohasan123,2025-02-08,01:31:44,-08:00,2025-02-08T01:31:44-08:00,0,58
projects/projects.js,45,js,b36bbe73,zohasan123,2025-02-08,01:31:44,-08:00,2025-02-08T01:31:44-08:00,0,51
projects/projects.js,46,js,b36bbe73,zohasan123,2025-02-08,01:31:44,-08:00,2025-02-08T01:31:44-08:00,0,0
projects/projects.js,47,js,b36bbe73,zohasan123,2025-02-08,01:31:44,-08:00,2025-02-08T01:31:44-08:00,0,41
projects/projects.js,48,js,b36bbe73,zohasan123,2025-02-08,01:31:44,-08:00,2025-02-08T01:31:44-08:00,0,34
projects/projects.js,49,js,b36bbe73,zohasan123,2025-02-08,01:31:44,-08:00,2025-02-08T01:31:44-08:00,0,46
projects/projects.js,50,js,b36bbe73,zohasan123,2025-02-08,01:31:44,-08:00,2025-02-08T01:31:44-08:00,0,0
projects/projects.js,51,js,b36bbe73,zohasan123,2025-02-08,01:31:44,-08:00,2025-02-08T01:31:44-08:00,0,26
projects/projects.js,52,js,b36bbe73,zohasan123,2025-02-08,01:31:44,-08:00,2025-02-08T01:31:44-08:00,0,48
projects/projects.js,53,js,b36bbe73,zohasan123,2025-02-08,01:31:44,-08:00,2025-02-08T01:31:44-08:00,0,0
projects/projects.js,54,js,36988f0f,zohasan123,2025-02-14,14:21:35,-08:00,2025-02-14T14:21:35-08:00,0,45
projects/projects.js,55,js,36988f0f,zohasan123,2025-02-14,14:21:35,-08:00,2025-02-14T14:21:35-08:00,0,0
projects/projects.js,56,js,36988f0f,zohasan123,2025-02-14,14:21:35,-08:00,2025-02-14T14:21:35-08:00,0,0
projects/projects.js,57,js,b36bbe73,zohasan123,2025-02-08,01:31:44,-08:00,2025-02-08T01:31:44-08:00,0,57
projects/projects.js,58,js,b36bbe73,zohasan123,2025-02-08,01:31:44,-08:00,2025-02-08T01:31:44-08:00,0,31
projects/projects.js,59,js,b36bbe73,zohasan123,2025-02-08,01:31:44,-08:00,2025-02-08T01:31:44-08:00,0,15
projects/projects.js,60,js,b36bbe73,zohasan123,2025-02-08,01:31:44,-08:00,2025-02-08T01:31:44-08:00,0,14
projects/projects.js,61,js,b36bbe73,zohasan123,2025-02-08,01:31:44,-08:00,2025-02-08T01:31:44-08:00,0,18
projects/projects.js,62,js,b36bbe73,zohasan123,2025-02-08,01:31:44,-08:00,2025-02-08T01:31:44-08:00,0,25
projects/projects.js,63,js,b36bbe73,zohasan123,2025-02-08,01:31:44,-08:00,2025-02-08T01:31:44-08:00,0,19
projects/projects.js,64,js,b36bbe73,zohasan123,2025-02-08,01:31:44,-08:00,2025-02-08T01:31:44-08:00,0,67
projects/projects.js,65,js,b36bbe73,zohasan123,2025-02-08,01:31:44,-08:00,2025-02-08T01:31:44-08:00,0,48
projects/projects.js,66,js,b36bbe73,zohasan123,2025-02-08,01:31:44,-08:00,2025-02-08T01:31:44-08:00,0,67
projects/projects.js,67,js,b36bbe73,zohasan123,2025-02-08,01:31:44,-08:00,2025-02-08T01:31:44-08:00,0,2
projects/projects.js,68,js,b36bbe73,zohasan123,2025-02-08,01:31:44,-08:00,2025-02-08T01:31:44-08:00,0,2
projects/projects.js,69,js,b36bbe73,zohasan123,2025-02-08,01:31:44,-08:00,2025-02-08T01:31:44-08:00,0,0
projects/projects.js,70,js,b36bbe73,zohasan123,2025-02-08,01:31:44,-08:00,2025-02-08T01:31:44-08:00,0,48
projects/projects.js,71,js,b36bbe73,zohasan123,2025-02-08,01:31:44,-08:00,2025-02-08T01:31:44-08:00,0,25
projects/projects.js,72,js,b36bbe73,zohasan123,2025-02-08,01:31:44,-08:00,2025-02-08T01:31:44-08:00,0,19
projects/projects.js,73,js,b36bbe73,zohasan123,2025-02-08,01:31:44,-08:00,2025-02-08T01:31:44-08:00,0,12
projects/projects.js,74,js,b36bbe73,zohasan123,2025-02-08,01:31:44,-08:00,2025-02-08T01:31:44-08:00,0,39
projects/projects.js,75,js,b36bbe73,zohasan123,2025-02-08,01:31:44,-08:00,2025-02-08T01:31:44-08:00,0,28
projects/projects.js,76,js,b36bbe73,zohasan123,2025-02-08,01:31:44,-08:00,2025-02-08T01:31:44-08:00,0,69
projects/projects.js,77,js,b36bbe73,zohasan123,2025-02-08,01:31:44,-08:00,2025-02-08T01:31:44-08:00,0,19
projects/projects.js,78,js,b36bbe73,zohasan123,2025-02-08,01:31:44,-08:00,2025-02-08T01:31:44-08:00,0,47
projects/projects.js,79,js,b36bbe73,zohasan123,2025-02-08,01:31:44,-08:00,2025-02-08T01:31:44-08:00,0,48
projects/projects.js,80,js,b36bbe73,zohasan123,2025-02-08,01:31:44,-08:00,2025-02-08T01:31:44-08:00,0,67
projects/projects.js,81,js,b36bbe73,zohasan123,2025-02-08,01:31:44,-08:00,2025-02-08T01:31:44-08:00,0,2
projects/projects.js,82,js,b36bbe73,zohasan123,2025-02-08,01:31:44,-08:00,2025-02-08T01:31:44-08:00,0,2
projects/projects.js,83,js,b36bbe73,zohasan123,2025-02-08,01:31:44,-08:00,2025-02-08T01:31:44-08:00,0,0
projects/projects.js,84,js,b36bbe73,zohasan123,2025-02-08,01:31:44,-08:00,2025-02-08T01:31:44-08:00,0,70
projects/projects.js,85,js,b36bbe73,zohasan123,2025-02-08,01:31:44,-08:00,2025-02-08T01:31:44-08:00,0,67
projects/projects.js,86,js,b36bbe73,zohasan123,2025-02-08,01:31:44,-08:00,2025-02-08T01:31:44-08:00,0,15
projects/projects.js,87,js,b36bbe73,zohasan123,2025-02-08,01:31:44,-08:00,2025-02-08T01:31:44-08:00,0,17
projects/projects.js,88,js,b36bbe73,zohasan123,2025-02-08,01:31:44,-08:00,2025-02-08T01:31:44-08:00,0,65
projects/projects.js,89,js,b36bbe73,zohasan123,2025-02-08,01:31:44,-08:00,2025-02-08T01:31:44-08:00,0,19
projects/projects.js,90,js,b36bbe73,zohasan123,2025-02-08,01:31:44,-08:00,2025-02-08T01:31:44-08:00,0,15
projects/projects.js,91,js,b36bbe73,zohasan123,2025-02-08,01:31:44,-08:00,2025-02-08T01:31:44-08:00,0,44
projects/projects.js,92,js,b36bbe73,zohasan123,2025-02-08,01:31:44,-08:00,2025-02-08T01:31:44-08:00,0,57
projects/projects.js,93,js,b36bbe73,zohasan123,2025-02-08,01:31:44,-08:00,2025-02-08T01:31:44-08:00,0,86
projects/projects.js,94,js,b36bbe73,zohasan123,2025-02-08,01:31:44,-08:00,2025-02-08T01:31:44-08:00,0,0
projects/projects.js,95,js,b36bbe73,zohasan123,2025-02-08,01:31:44,-08:00,2025-02-08T01:31:44-08:00,0,0
projects/projects.js,96,js,b36bbe73,zohasan123,2025-02-08,01:31:44,-08:00,2025-02-08T01:31:44-08:00,0,74
projects/projects.js,97,js,b36bbe73,zohasan123,2025-02-08,01:31:44,-08:00,2025-02-08T01:31:44-08:00,0,74
projects/projects.js,98,js,b36bbe73,zohasan123,2025-02-08,01:31:44,-08:00,2025-02-08T01:31:44-08:00,0,49
projects/projects.js,99,js,b36bbe73,zohasan123,2025-02-08,01:31:44,-08:00,2025-02-08T01:31:44-08:00,0,1
projects/projects.js,100,js,b36bbe73,zohasan123,2025-02-08,01:31:44,-08:00,2025-02-08T01:31:44-08:00,0,32
projects/projects.js,101,js,b36bbe73,zohasan123,2025-02-08,01:31:44,-08:00,2025-02-08T01:31:44-08:00,0,57
projects/projects.js,102,js,b36bbe73,zohasan123,2025-02-08,01:31:44,-08:00,2025-02-08T01:31:44-08:00,0,13
projects/projects.js,103,js,b36bbe73,zohasan123,2025-02-08,01:31:44,-08:00,2025-02-08T01:31:44-08:00,0,68
projects/projects.js,104,js,b36bbe73,zohasan123,2025-02-08,01:31:44,-08:00,2025-02-08T01:31:44-08:00,0,6
projects/projects.js,105,js,b36bbe73,zohasan123,2025-02-08,01:31:44,-08:00,2025-02-08T01:31:44-08:00,0,74
projects/projects.js,106,js,b36bbe73,zohasan123,2025-02-08,01:31:44,-08:00,2025-02-08T01:31:44-08:00,0,25
projects/projects.js,107,js,b36bbe73,zohasan123,2025-02-08,01:31:44,-08:00,2025-02-08T01:31:44-08:00,0,26
projects/projects.js,108,js,b36bbe73,zohasan123,2025-02-08,01:31:44,-08:00,2025-02-08T01:31:44-08:00,0,44
projects/projects.js,109,js,b36bbe73,zohasan123,2025-02-08,01:31:44,-08:00,2025-02-08T01:31:44-08:00,0,49
projects/projects.js,110,js,b36bbe73,zohasan123,2025-02-08,01:31:44,-08:00,2025-02-08T01:31:44-08:00,0,57
projects/projects.js,111,js,b36bbe73,zohasan123,2025-02-08,01:31:44,-08:00,2025-02-08T01:31:44-08:00,0,7
projects/projects.js,112,js,b36bbe73,zohasan123,2025-02-08,01:31:44,-08:00,2025-02-08T01:31:44-08:00,0,60
projects/projects.js,113,js,b36bbe73,zohasan123,2025-02-08,01:31:44,-08:00,2025-02-08T01:31:44-08:00,0,84
projects/projects.js,114,js,b36bbe73,zohasan123,2025-02-08,01:31:44,-08:00,2025-02-08T01:31:44-08:00,0,80
projects/projects.js,115,js,b36bbe73,zohasan123,2025-02-08,01:31:44,-08:00,2025-02-08T01:31:44-08:00,0,57
projects/projects.js,116,js,b36bbe73,zohasan123,2025-02-08,01:31:44,-08:00,2025-02-08T01:31:44-08:00,0,89
projects/projects.js,117,js,b36bbe73,zohasan123,2025-02-08,01:31:44,-08:00,2025-02-08T01:31:44-08:00,0,0
projects/projects.js,118,js,b36bbe73,zohasan123,2025-02-08,01:31:44,-08:00,2025-02-08T01:31:44-08:00,0,0
projects/projects.js,119,js,b36bbe73,zohasan123,2025-02-08,01:31:44,-08:00,2025-02-08T01:31:44-08:00,0,70
projects/projects.js,120,js,b36bbe73,zohasan123,2025-02-08,01:31:44,-08:00,2025-02-08T01:31:44-08:00,0,15
projects/projects.js,121,js,b36bbe73,zohasan123,2025-02-08,01:31:44,-08:00,2025-02-08T01:31:44-08:00,0,17
projects/projects.js,122,js,b36bbe73,zohasan123,2025-02-08,01:31:44,-08:00,2025-02-08T01:31:44-08:00,0,65
projects/projects.js,123,js,b36bbe73,zohasan123,2025-02-08,01:31:44,-08:00,2025-02-08T01:31:44-08:00,0,19
projects/projects.js,124,js,b36bbe73,zohasan123,2025-02-08,01:31:44,-08:00,2025-02-08T01:31:44-08:00,0,15
projects/projects.js,125,js,b36bbe73,zohasan123,2025-02-08,01:31:44,-08:00,2025-02-08T01:31:44-08:00,0,86
projects/projects.js,126,js,b36bbe73,zohasan123,2025-02-08,01:31:44,-08:00,2025-02-08T01:31:44-08:00,0,0
projects/projects.js,127,js,b36bbe73,zohasan123,2025-02-08,01:31:44,-08:00,2025-02-08T01:31:44-08:00,0,0
projects/projects.js,128,js,b36bbe73,zohasan123,2025-02-08,01:31:44,-08:00,2025-02-08T01:31:44-08:00,0,74
projects/projects.js,129,js,b36bbe73,zohasan123,2025-02-08,01:31:44,-08:00,2025-02-08T01:31:44-08:00,0,65
projects/projects.js,130,js,b36bbe73,zohasan123,2025-02-08,01:31:44,-08:00,2025-02-08T01:31:44-08:00,0,74
projects/projects.js,131,js,b36bbe73,zohasan123,2025-02-08,01:31:44,-08:00,2025-02-08T01:31:44-08:00,0,24
projects/projects.js,132,js,b36bbe73,zohasan123,2025-02-08,01:31:44,-08:00,2025-02-08T01:31:44-08:00,0,0
projects/projects.js,133,js,b36bbe73,zohasan123,2025-02-08,01:31:44,-08:00,2025-02-08T01:31:44-08:00,0,74
projects/projects.js,134,js,b36bbe73,zohasan123,2025-02-08,01:31:44,-08:00,2025-02-08T01:31:44-08:00,0,72
projects/projects.js,135,js,b36bbe73,zohasan123,2025-02-08,01:31:44,-08:00,2025-02-08T01:31:44-08:00,0,74
projects/projects.js,136,js,b36bbe73,zohasan123,2025-02-08,01:31:44,-08:00,2025-02-08T01:31:44-08:00,0,14
projects/projects.js,137,js,b36bbe73,zohasan123,2025-02-08,01:31:44,-08:00,2025-02-08T01:31:44-08:00,0,54
projects/projects.js,138,js,36988f0f,zohasan123,2025-02-14,14:21:35,-08:00,2025-02-14T14:21:35-08:00,0,49
projects/projects.js,139,js,b36bbe73,zohasan123,2025-02-08,01:31:44,-08:00,2025-02-08T01:31:44-08:00,0,26
projects/projects.js,140,js,b36bbe73,zohasan123,2025-02-08,01:31:44,-08:00,2025-02-08T01:31:44-08:00,0,58
projects/projects.js,141,js,b36bbe73,zohasan123,2025-02-08,01:31:44,-08:00,2025-02-08T01:31:44-08:00,0,18
projects/projects.js,142,js,b36bbe73,zohasan123,2025-02-08,01:31:44,-08:00,2025-02-08T01:31:44-08:00,0,52
projects/projects.js,143,js,b36bbe73,zohasan123,2025-02-08,01:31:44,-08:00,2025-02-08T01:31:44-08:00,0,60
projects/projects.js,144,js,b36bbe73,zohasan123,2025-02-08,01:31:44,-08:00,2025-02-08T01:31:44-08:00,0,43
projects/projects.js,145,js,b36bbe73,zohasan123,2025-02-08,01:31:44,-08:00,2025-02-08T01:31:44-08:00,0,2
projects/projects.js,146,js,b36bbe73,zohasan123,2025-02-08,01:31:44,-08:00,2025-02-08T01:31:44-08:00,0,57
projects/projects.js,147,js,b36bbe73,zohasan123,2025-02-08,01:31:44,-08:00,2025-02-08T01:31:44-08:00,0,65
projects/projects.js,148,js,b36bbe73,zohasan123,2025-02-08,01:31:44,-08:00,2025-02-08T01:31:44-08:00,0,32
projects/projects.js,149,js,b36bbe73,zohasan123,2025-02-08,01:31:44,-08:00,2025-02-08T01:31:44-08:00,0,65
projects/projects.js,150,js,b36bbe73,zohasan123,2025-02-08,01:31:44,-08:00,2025-02-08T01:31:44-08:00,0,2
projects/projects.js,151,js,b36bbe73,zohasan123,2025-02-08,01:31:44,-08:00,2025-02-08T01:31:44-08:00,0,0
projects/projects.js,152,js,e3e3a335,zohasan123,2025-01-31,15:08:30,-08:00,2025-01-31T15:08:30-08:00,0,0
projects/index.html,1,html,57aba01,zohasan123,2025-01-21,12:43:15,-08:00,2025-01-21T12:43:15-08:00,0,14
projects/index.html,2,html,57aba01,zohasan123,2025-01-21,12:43:15,-08:00,2025-01-21T12:43:15-08:00,0,15
projects/index.html,3,html,57aba01,zohasan123,2025-01-21,12:43:15,-08:00,2025-01-21T12:43:15-08:00,0,5
projects/index.html,4,html,8b62870c,zohasan123,2025-01-31,11:53:10,-08:00,2025-01-31T11:53:10-08:00,0,21
projects/index.html,5,html,8b62870c,zohasan123,2025-01-31,11:53:10,-08:00,2025-01-31T11:53:10-08:00,0,69
projects/index.html,6,html,8b62870c,zohasan123,2025-01-31,11:53:10,-08:00,2025-01-31T11:53:10-08:00,0,22
projects/index.html,7,html,8b62870c,zohasan123,2025-01-31,11:53:10,-08:00,2025-01-31T11:53:10-08:00,0,42
projects/index.html,8,html,57aba01,zohasan123,2025-01-21,12:43:15,-08:00,2025-01-21T12:43:15-08:00,0,6
projects/index.html,9,html,57aba01,zohasan123,2025-01-21,12:43:15,-08:00,2025-01-21T12:43:15-08:00,0,5
projects/index.html,10,html,8b62870c,zohasan123,2025-01-31,11:53:10,-08:00,2025-01-31T11:53:10-08:00,0,4
projects/index.html,11,html,8b62870c,zohasan123,2025-01-31,11:53:10,-08:00,2025-01-31T11:53:10-08:00,0,3
projects/index.html,12,html,8b62870c,zohasan123,2025-01-31,11:53:10,-08:00,2025-01-31T11:53:10-08:00,0,21
projects/index.html,13,html,8b62870c,zohasan123,2025-01-31,11:53:10,-08:00,2025-01-31T11:53:10-08:00,0,24
projects/index.html,14,html,8b62870c,zohasan123,2025-01-31,11:53:10,-08:00,2025-01-31T11:53:10-08:00,0,32
projects/index.html,15,html,8b62870c,zohasan123,2025-01-31,11:53:10,-08:00,2025-01-31T11:53:10-08:00,0,30
projects/index.html,16,html,00000000,Not Committed Yet,2025-03-07,19:15:42,-08:00,2025-03-07T19:15:42-08:00,0,26
projects/index.html,17,html,c0a2673c,zohasan123,2025-01-31,12:27:39,-08:00,2025-01-31T12:27:39-08:00,0,65
projects/index.html,18,html,b36bbe73,zohasan123,2025-02-08,01:31:44,-08:00,2025-02-08T01:31:44-08:00,0,24
projects/index.html,19,html,8b62870c,zohasan123,2025-01-31,11:53:10,-08:00,2025-01-31T11:53:10-08:00,0,5
projects/index.html,20,html,b36bbe73,zohasan123,2025-02-08,01:31:44,-08:00,2025-02-08T01:31:44-08:00,0,0
projects/index.html,21,html,76eea571,zohasan123,2025-01-31,12:13:01,-08:00,2025-01-31T12:13:01-08:00,0,24
projects/index.html,22,html,b36bbe73,zohasan123,2025-02-08,01:31:44,-08:00,2025-02-08T01:31:44-08:00,0,42
projects/index.html,23,html,b36bbe73,zohasan123,2025-02-08,01:31:44,-08:00,2025-02-08T01:31:44-08:00,0,22
projects/index.html,24,html,b36bbe73,zohasan123,2025-02-08,01:31:44,-08:00,2025-02-08T01:31:44-08:00,0,36
projects/index.html,25,html,b36bbe73,zohasan123,2025-02-08,01:31:44,-08:00,2025-02-08T01:31:44-08:00,0,23
projects/index.html,26,html,b36bbe73,zohasan123,2025-02-08,01:31:44,-08:00,2025-02-08T01:31:44-08:00,0,5
projects/index.html,27,html,b36bbe73,zohasan123,2025-02-08,01:31:44,-08:00,2025-02-08T01:31:44-08:00,0,0
projects/index.html,28,html,b36bbe73,zohasan123,2025-02-08,01:31:44,-08:00,2025-02-08T01:31:44-08:00,0,5
projects/index.html,29,html,b36bbe73,zohasan123,2025-02-08,01:31:44,-08:00,2025-02-08T01:31:44-08:00,0,16
projects/index.html,30,html,b36bbe73,zohasan123,2025-02-08,01:31:44,-08:00,2025-02-08T01:31:44-08:00,0,12
projects/index.html,31,html,b36bbe73,zohasan123,2025-02-08,01:31:44,-08:00,2025-02-08T01:31:44-08:00,0,27
projects/index.html,32,html,b36bbe73,zohasan123,2025-02-08,01:31:44,-08:00,2025-02-08T01:31:44-08:00,0,32
projects/index.html,33,html,b36bbe73,zohasan123,2025-02-08,01:31:44,-08:00,2025-02-08T01:31:44-08:00,0,1
projects/index.html,34,html,b36bbe73,zohasan123,2025-02-08,01:31:44,-08:00,2025-02-08T01:31:44-08:00,0,0
projects/index.html,35,html,b36bbe73,zohasan123,2025-02-08,01:31:44,-08:00,2025-02-08T01:31:44-08:00,0,0
projects/index.html,36,html,caf2bbbb,zohasan123,2025-02-01,15:06:39,-08:00,2025-02-01T15:06:39-08:00,0,21
projects/index.html,37,html,caf2bbbb,zohasan123,2025-02-01,15:06:39,-08:00,2025-02-01T15:06:39-08:00,0,50
projects/index.html,38,html,caf2bbbb,zohasan123,2025-02-01,15:06:39,-08:00,2025-02-01T15:06:39-08:00,0,5
projects/index.html,39,html,8b62870c,zohasan123,2025-01-31,11:53:10,-08:00,2025-01-31T11:53:10-08:00,0,5
projects/index.html,40,html,e3e3a335,zohasan123,2025-01-31,15:08:30,-08:00,2025-01-31T15:08:30-08:00,0,41
projects/index.html,41,html,8b62870c,zohasan123,2025-01-31,11:53:10,-08:00,2025-01-31T11:53:10-08:00,0,49
projects/index.html,42,html,8b62870c,zohasan123,2025-01-31,11:53:10,-08:00,2025-01-31T11:53:10-08:00,0,48
projects/index.html,43,html,16acdf4c,zohasan123,2025-01-31,11:15:56,-08:00,2025-01-31T11:15:56-08:00,0,6
projects/index.html,44,html,76eea571,zohasan123,2025-01-31,12:13:01,-08:00,2025-01-31T12:13:01-08:00,0,6
contacts/index.html,1,html,57aba01,zohasan123,2025-01-21,12:43:15,-08:00,2025-01-21T12:43:15-08:00,0,14
contacts/index.html,2,html,57aba01,zohasan123,2025-01-21,12:43:15,-08:00,2025-01-21T12:43:15-08:00,0,15
contacts/index.html,3,html,57aba01,zohasan123,2025-01-21,12:43:15,-08:00,2025-01-21T12:43:15-08:00,0,5
contacts/index.html,4,html,57aba01,zohasan123,2025-01-21,12:43:15,-08:00,2025-01-21T12:43:15-08:00,0,21
contacts/index.html,5,html,57aba01,zohasan123,2025-01-21,12:43:15,-08:00,2025-01-21T12:43:15-08:00,0,69
contacts/index.html,6,html,57aba01,zohasan123,2025-01-21,12:43:15,-08:00,2025-01-21T12:43:15-08:00,0,34
contacts/index.html,7,html,710482f4,zohasan123,2025-01-24,22:15:08,-08:00,2025-01-24T22:15:08-08:00,0,42
contacts/index.html,8,html,16acdf4c,zohasan123,2025-01-31,11:15:56,-08:00,2025-01-31T11:15:56-08:00,0,49
contacts/index.html,9,html,16acdf4c,zohasan123,2025-01-31,11:15:56,-08:00,2025-01-31T11:15:56-08:00,0,0
contacts/index.html,10,html,9d5ea3ef,zohasan123,2025-01-31,09:14:29,-08:00,2025-01-31T09:14:29-08:00,0,0
contacts/index.html,11,html,57aba01,zohasan123,2025-01-21,12:43:15,-08:00,2025-01-21T12:43:15-08:00,0,6
contacts/index.html,12,html,57aba01,zohasan123,2025-01-21,12:43:15,-08:00,2025-01-21T12:43:15-08:00,0,5
contacts/index.html,13,html,57aba01,zohasan123,2025-01-21,12:43:15,-08:00,2025-01-21T12:43:15-08:00,0,18
contacts/index.html,14,html,57aba01,zohasan123,2025-01-21,12:43:15,-08:00,2025-01-21T12:43:15-08:00,0,0
contacts/index.html,15,html,57aba01,zohasan123,2025-01-21,12:43:15,-08:00,2025-01-21T12:43:15-08:00,0,5
contacts/index.html,16,html,57aba01,zohasan123,2025-01-21,12:43:15,-08:00,2025-01-21T12:43:15-08:00,0,32
contacts/index.html,17,html,57aba01,zohasan123,2025-01-21,12:43:15,-08:00,2025-01-21T12:43:15-08:00,0,68
contacts/index.html,18,html,57aba01,zohasan123,2025-01-21,12:43:15,-08:00,2025-01-21T12:43:15-08:00,0,0
contacts/index.html,19,html,57aba01,zohasan123,2025-01-21,12:43:15,-08:00,2025-01-21T12:43:15-08:00,0,36
contacts/index.html,20,html,57aba01,zohasan123,2025-01-21,12:43:15,-08:00,2025-01-21T12:43:15-08:00,0,70
contacts/index.html,21,html,57aba01,zohasan123,2025-01-21,12:43:15,-08:00,2025-01-21T12:43:15-08:00,0,0
contacts/index.html,22,html,57aba01,zohasan123,2025-01-21,12:43:15,-08:00,2025-01-21T12:43:15-08:00,0,36
contacts/index.html,23,html,57aba01,zohasan123,2025-01-21,12:43:15,-08:00,2025-01-21T12:43:15-08:00,0,52
contacts/index.html,24,html,57aba01,zohasan123,2025-01-21,12:43:15,-08:00,2025-01-21T12:43:15-08:00,0,0
contacts/index.html,25,html,57aba01,zohasan123,2025-01-21,12:43:15,-08:00,2025-01-21T12:43:15-08:00,0,34
contacts/index.html,26,html,57aba01,zohasan123,2025-01-21,12:43:15,-08:00,2025-01-21T12:43:15-08:00,0,6
contacts/index.html,27,html,57aba01,zohasan123,2025-01-21,12:43:15,-08:00,2025-01-21T12:43:15-08:00,0,0
contacts/index.html,28,html,57aba01,zohasan123,2025-01-21,12:43:15,-08:00,2025-01-21T12:43:15-08:00,0,6
contacts/index.html,29,html,57aba01,zohasan123,2025-01-21,12:43:15,-08:00,2025-01-21T12:43:15-08:00,0,0
contacts/index.html,30,html,57aba01,zohasan123,2025-01-21,12:43:15,-08:00,2025-01-21T12:43:15-08:00,0,6
contacts/index.html,31,html,57aba01,zohasan123,2025-01-21,12:43:15,-08:00,2025-01-21T12:43:15-08:00,0,5
contacts/index.html,32,html,57aba01,zohasan123,2025-01-21,12:43:15,-08:00,2025-01-21T12:43:15-08:00,0,13
contacts/index.html,33,html,57aba01,zohasan123,2025-01-21,12:43:15,-08:00,2025-01-21T12:43:15-08:00,0,31
contacts/index.html,34,html,57aba01,zohasan123,2025-01-21,12:43:15,-08:00,2025-01-21T12:43:15-08:00,0,8
contacts/index.html,35,html,57aba01,zohasan123,2025-01-21,12:43:15,-08:00,2025-01-21T12:43:15-08:00,0,0
contacts/index.html,36,html,57aba01,zohasan123,2025-01-21,12:43:15,-08:00,2025-01-21T12:43:15-08:00,0,0
contacts/index.html,37,html,57aba01,zohasan123,2025-01-21,12:43:15,-08:00,2025-01-21T12:43:15-08:00,0,6
contacts/index.html,38,html,57aba01,zohasan123,2025-01-21,12:43:15,-08:00,2025-01-21T12:43:15-08:00,0,18
contacts/index.html,39,html,57aba01,zohasan123,2025-01-21,12:43:15,-08:00,2025-01-21T12:43:15-08:00,0,0
contacts/index.html,40,html,57aba01,zohasan123,2025-01-21,12:43:15,-08:00,2025-01-21T12:43:15-08:00,0,0
contacts/index.html,41,html,57aba01,zohasan123,2025-01-21,12:43:15,-08:00,2025-01-21T12:43:15-08:00,0,16
contacts/index.html,42,html,57aba01,zohasan123,2025-01-21,12:43:15,-08:00,2025-01-21T12:43:15-08:00,0,19
contacts/index.html,43,html,57aba01,zohasan123,2025-01-21,12:43:15,-08:00,2025-01-21T12:43:15-08:00,0,11
contacts/index.html,44,html,57aba01,zohasan123,2025-01-21,12:43:15,-08:00,2025-01-21T12:43:15-08:00,0,0
contacts/index.html,45,html,57aba01,zohasan123,2025-01-21,12:43:15,-08:00,2025-01-21T12:43:15-08:00,0,0
contacts/index.html,46,html,57aba01,zohasan123,2025-01-21,12:43:15,-08:00,2025-01-21T12:43:15-08:00,0,7
contacts/index.html,47,html,57aba01,zohasan123,2025-01-21,12:43:15,-08:00,2025-01-21T12:43:15-08:00,0,19
contacts/index.html,48,html,57aba01,zohasan123,2025-01-21,12:43:15,-08:00,2025-01-21T12:43:15-08:00,0,14
contacts/index.html,49,html,57aba01,zohasan123,2025-01-21,12:43:15,-08:00,2025-01-21T12:43:15-08:00,0,20
contacts/index.html,50,html,57aba01,zohasan123,2025-01-21,12:43:15,-08:00,2025-01-21T12:43:15-08:00,0,0
contacts/index.html,51,html,57aba01,zohasan123,2025-01-21,12:43:15,-08:00,2025-01-21T12:43:15-08:00,0,7
contacts/index.html,52,html,57aba01,zohasan123,2025-01-21,12:43:15,-08:00,2025-01-21T12:43:15-08:00,0,0
contacts/index.html,53,html,57aba01,zohasan123,2025-01-21,12:43:15,-08:00,2025-01-21T12:43:15-08:00,0,6
